STT,Year,Gender,Policy_Stu,Minority_Stu,Poor_Stu,Father_Edu,Mother_Edu,Father_Occupation,Mother_Occupation,Time_Friends,Time_SocicalMedia,Time_Studying,GPA,Adapt_Learning_Uni,Study_Methods,SupportOf_Uni,SupportOf_Lec,Facilitie_Uni,Quality_Lecturer,TrainingCurriculum,Competitive_Class,InfuenceF_Friends,Nguon
1,5,2,2,2,2,4,4,2,3,2,2,5,4,4,4,3,4,4,4,4,3,3,Khao sat that
2,5,1,2,2,2,3,3,2,4,1,3,5,3,3,3,3,4,4,3,3,3,4,Khao sat that
3,5,2,2,2,2,4,4,1,2,1,2,5,4,4,4,4,4,3,4,4,4,4,Khao sat that
4,5,2,2,2,2,5,4,1,1,2,2,5,4,4,4,5,5,5,5,4,4,4,Khao sat that
5,5,1,1,2,2,2,3,3,3,1,2,1,4,5,5,5,5,5,5,5,4,5,Khao sat that
6,5,2,2,2,2,5,5,1,2,1,3,2,4,4,4,5,4,5,5,4,3,3,Khao sat that
7,5,2,2,2,2,6,5,1,4,2,2,5,3,4,4,5,5,5,4,5,4,5,Khao sat that
8,5,2,2,2,2,5,4,5,3,2,2,5,5,4,4,5,4,4,5,4,3,4,Khao sat that
9,5,2,2,2,2,5,5,1,1,1,2,5,5,4,4,4,4,4,5,4,4,4,Khao sat that
10,5,2,2,2,2,5,4,3,3,3,2,5,3,3,4,5,5,5,5,5,4,4,Khao sat that
11,5,1,2,2,2,3,3,3,3,2,2,5,3,4,4,4,4,4,4,4,4,4,Khao sat that
12,5,2,2,2,2,3,3,3,3,2,1,5,4,4,4,4,4,4,4,4,4,4,Khao sat that
13,5,2,2,2,2,3,3,3,3,2,2,5,4,4,4,4,4,4,4,4,4,4,Khao sat that
14,5,2,1,2,2,3,4,3,3,2,2,1,3,5,5,5,5,5,5,5,5,5,Khao sat that
15,5,2,2,2,2,3,3,2,2,2,2,5,5,4,4,4,4,4,4,4,4,4,Khao sat that
16,5,2,2,2,2,4,4,2,2,1,3,5,4,4,3,4,4,3,4,3,4,5,Khao sat that
17,5,2,2,2,2,5,5,4,4,3,4,5,4,5,5,5,5,5,5,5,5,4,Khao sat that
18,5,2,2,2,2,5,5,4,4,3,4,5,3,5,5,5,5,5,5,5,5,3,Khao sat that
19,5,2,2,2,2,5,5,4,4,3,4,5,3,5,5,5,5,5,5,5,5,3,Khao sat that
20,5,2,2,2,2,2,3,2,2,1,5,5,3,2,3,5,5,4,5,3,5,4,Khao sat that
21,5,1,2,2,2,3,3,1,4,3,4,5,3,4,4,3,5,4,4,3,4,4,Khao sat that
22,5,1,1,2,2,5,3,3,3,3,3,5,3,1,3,3,4,3,4,3,4,3,Khao sat that
23,5,2,1,2,2,5,5,3,3,2,2,5,3,5,5,5,5,5,5,5,2,4,Khao sat that
24,5,2,2,2,2,5,3,3,3,2,4,5,3,5,3,4,5,4,4,5,4,3,Khao sat that
25,5,2,2,2,2,5,6,1,1,1,2,5,3,1,5,5,5,5,5,5,5,5,Khao sat that
26,5,2,2,2,2,1,1,3,3,3,3,5,3,4,4,4,4,4,4,4,4,4,Khao sat that
27,5,2,2,2,2,1,1,3,3,4,2,5,3,4,4,4,4,4,4,4,4,4,Khao sat that
28,5,2,1,2,2,3,3,3,3,3,4,5,3,4,4,4,4,5,5,4,4,4,Khao sat that
29,5,2,2,2,2,2,1,3,2,2,2,5,3,3,4,5,5,5,5,3,5,5,Khao sat that
30,5,1,1,2,2,2,3,3,4,1,3,4,3,3,2,3,4,3,5,3,3,5,Khao sat that
31,5,2,1,2,2,3,5,2,1,1,3,5,3,4,3,3,4,4,4,3,3,3,Khao sat that
32,5,1,2,2,2,5,5,1,1,2,3,5,4,5,5,5,5,5,5,5,5,5,Khao sat that
33,5,1,2,2,2,5,5,1,1,2,3,5,4,5,5,5,5,5,5,5,5,5,Khao sat that
34,5,1,2,2,2,5,5,1,1,2,2,5,4,5,5,5,5,5,5,5,5,5,Khao sat that
35,5,2,2,2,2,3,3,2,1,1,3,5,4,5,5,5,5,3,5,4,5,5,Khao sat that
36,5,2,1,2,2,5,5,3,3,2,2,5,4,5,5,5,5,5,5,5,4,3,Khao sat that
37,5,2,2,2,2,5,1,1,1,2,4,5,3,5,5,5,5,5,5,5,5,5,Khao sat that
38,5,2,2,2,2,5,5,4,4,3,4,5,4,5,5,5,5,5,5,5,5,5,Khao sat that
39,5,2,1,2,2,2,2,2,2,3,4,5,3,4,4,4,4,5,4,4,4,4,Khao sat that
40,5,1,2,2,2,5,5,1,1,1,2,5,3,5,5,5,5,5,5,5,3,4,Khao sat that
41,5,2,1,2,2,5,5,2,2,2,3,5,3,3,3,3,4,4,4,3,4,3,Khao sat that
42,5,2,2,2,2,3,3,3,3,3,2,5,3,4,4,4,4,4,4,4,4,4,Khao sat that
43,5,2,2,2,2,5,5,1,2,3,3,5,3,4,5,4,5,4,5,4,4,5,Khao sat that
44,5,2,2,2,2,3,3,2,1,2,4,5,3,2,3,4,4,4,4,3,4,5,Khao sat that
45,5,2,1,2,2,1,1,1,1,2,3,5,3,2,3,3,3,4,4,3,3,3,Khao sat that
46,5,2,1,2,2,5,5,3,3,1,1,4,3,3,3,3,3,5,5,5,5,3,Khao sat that
47,5,2,1,2,2,5,5,1,2,2,2,5,3,3,3,5,5,5,5,5,5,3,Khao sat that
48,5,2,1,2,2,2,2,3,3,1,1,5,3,4,4,4,4,4,4,4,3,5,Khao sat that
49,5,1,1,2,2,3,3,3,3,2,2,4,3,3,3,4,4,4,5,3,3,5,Khao sat that
50,5,2,2,2,2,3,3,1,2,1,1,4,4,3,3,4,4,4,5,3,5,3,Khao sat that
51,5,2,2,2,2,3,4,3,3,2,1,5,3,3,3,4,4,4,4,4,3,4,Khao sat that
52,5,2,2,2,2,5,5,1,1,1,1,5,3,4,4,4,4,4,4,4,4,4,Khao sat that
53,5,1,2,2,2,3,3,3,3,1,1,5,4,3,3,5,4,4,4,4,4,4,Khao sat that
54,5,2,1,2,2,2,2,4,4,1,2,5,3,4,4,4,4,5,5,5,4,4,Khao sat that
55,5,1,2,2,2,3,3,3,3,2,1,5,3,3,3,3,3,5,5,3,5,4,Khao sat that
56,5,2,2,2,2,3,3,3,3,2,1,5,3,3,3,3,3,5,5,5,5,3,Khao sat that
57,5,2,2,2,2,3,3,3,3,3,1,5,3,3,3,3,3,3,5,3,4,4,Khao sat that
58,5,2,2,2,2,3,3,3,3,2,1,5,4,3,3,3,4,4,4,4,4,2,Khao sat that
59,5,2,2,2,2,3,3,3,3,2,1,4,3,3,3,3,4,4,4,4,4,4,Khao sat that
60,5,2,2,2,2,3,3,3,3,2,1,5,4,3,3,4,4,4,4,4,4,4,Khao sat that
61,5,1,2,2,2,6,6,4,4,2,2,5,3,5,5,5,5,5,5,5,5,5,Khao sat that
62,5,2,1,2,2,5,5,3,2,2,2,5,3,3,3,3,3,3,5,5,5,3,Khao sat that
63,5,2,2,2,2,6,6,4,4,2,2,5,4,5,5,5,5,5,5,5,5,5,Khao sat that
64,5,2,2,2,2,6,6,4,4,2,2,5,4,5,5,5,5,5,5,5,5,3,Khao sat that
65,5,2,2,2,2,6,6,4,4,2,2,5,3,5,5,4,5,5,5,4,4,5,Khao sat that
66,5,2,2,2,2,5,5,3,3,3,2,5,2,5,3,4,5,5,5,5,5,4,Khao sat that
67,5,2,1,2,2,5,4,3,2,2,2,4,3,3,3,3,4,5,5,5,4,3,Khao sat that
68,5,2,2,2,2,5,4,3,3,1,2,5,3,3,4,4,4,5,5,4,4,4,Khao sat that
69,5,1,1,2,2,5,5,3,4,3,2,5,3,3,3,5,5,5,5,5,4,3,Khao sat that
70,5,2,1,2,2,5,5,3,2,3,2,5,3,3,3,3,3,4,4,5,4,3,Khao sat that
71,5,2,1,2,2,5,4,3,2,3,1,5,3,3,3,5,5,5,5,5,4,4,Khao sat that
72,5,2,1,2,2,4,5,3,3,2,1,5,4,3,3,3,5,5,5,4,5,3,Khao sat that
73,5,2,1,2,2,5,5,4,3,2,1,5,3,4,4,4,4,4,5,4,5,3,Khao sat that
74,5,2,1,2,2,5,5,4,3,1,2,5,4,3,3,5,5,5,5,4,5,3,Khao sat that
75,5,2,2,2,2,4,4,3,3,2,2,5,3,3,3,5,4,4,5,4,5,4,Khao sat that
76,5,2,1,2,2,5,5,3,3,1,2,5,3,5,4,5,5,5,5,4,5,5,Khao sat that
77,5,2,2,2,2,5,5,3,3,1,2,5,3,5,3,4,5,5,5,5,5,4,Khao sat that
78,5,2,2,2,2,3,3,3,3,3,3,5,4,5,4,5,5,5,5,4,4,4,Khao sat that
79,5,2,2,2,2,4,4,3,4,3,4,5,4,5,5,5,5,5,5,5,5,5,Khao sat that
80,5,1,2,2,2,3,3,3,2,2,2,5,4,5,5,5,5,5,5,5,5,5,Khao sat that
81,5,2,2,2,2,5,6,4,4,2,3,5,1,4,3,5,5,5,5,5,5,5,Khao sat that
82,5,1,1,2,2,5,5,1,2,1,5,5,4,4,5,4,5,5,5,5,5,4,Khao sat that
83,5,2,2,2,2,4,4,3,3,2,2,5,1,3,5,5,5,5,5,5,5,5,Khao sat that
84,5,2,2,2,2,5,5,1,1,1,2,5,1,4,5,5,5,4,5,4,4,4,Khao sat that
85,5,2,2,2,2,3,3,1,1,3,3,5,4,3,5,5,5,5,5,5,5,5,Khao sat that
86,5,2,2,2,2,1,1,1,1,1,1,5,4,3,4,4,5,4,5,4,4,5,Khao sat that
87,5,2,2,2,2,1,1,1,1,1,3,5,3,4,4,4,5,5,5,5,4,4,Khao sat that
88,5,2,2,2,2,5,5,1,1,5,5,5,1,3,5,5,5,4,5,4,5,4,Khao sat that
89,5,1,2,2,2,1,1,1,1,1,1,5,3,3,4,5,5,4,5,5,5,4,Khao sat that
90,5,2,2,2,2,5,5,2,1,1,5,5,4,3,5,5,5,5,5,5,5,5,Khao sat that
91,5,2,1,2,2,5,5,2,1,1,2,5,1,4,5,5,5,5,5,4,4,5,Khao sat that
92,5,2,2,2,2,4,3,2,2,2,2,5,1,3,4,4,5,4,4,4,4,4,Khao sat that
93,5,2,2,2,2,4,5,2,1,2,4,5,1,3,3,5,4,5,4,4,4,4,Khao sat that
94,5,2,1,2,2,5,4,4,3,2,3,5,4,3,3,4,4,4,5,4,4,4,Khao sat that
95,5,2,2,2,2,5,4,3,3,2,2,5,1,4,3,5,5,4,5,4,5,5,Khao sat that
96,5,2,2,2,2,4,4,3,4,2,3,5,1,3,3,4,5,5,5,4,5,3,Khao sat that
97,5,2,2,2,2,5,5,5,5,2,2,5,1,4,4,4,4,5,5,5,5,5,Khao sat that
98,5,2,2,2,2,3,3,3,3,2,2,5,4,4,3,5,5,5,5,5,5,3,Khao sat that
99,5,2,2,2,2,3,3,2,2,1,2,5,4,5,3,5,5,5,5,5,5,4,Khao sat that
100,5,1,2,2,2,1,1,1,1,1,1,5,3,4,4,5,4,5,5,5,5,4,Khao sat that
101,5,1,2,2,2,3,3,3,2,2,2,5,4,5,5,5,5,5,5,5,5,5,Khao sat that
102,5,2,2,2,2,6,6,4,4,5,4,5,4,4,4,4,5,4,5,5,5,5,Khao sat that
103,5,2,2,2,2,6,6,4,4,5,5,5,1,4,4,4,4,5,4,5,5,5,Khao sat that
104,5,2,2,2,2,5,6,4,4,5,5,5,1,4,4,4,5,5,5,5,5,5,Khao sat that
105,5,2,2,2,2,5,5,3,3,5,5,5,3,3,4,5,5,5,5,5,5,4,Khao sat that
106,5,2,2,2,2,4,5,1,3,2,2,5,4,3,5,4,4,4,3,2,4,5,Khao sat that
107,5,2,2,2,2,6,6,4,4,2,2,5,3,3,3,3,3,3,5,4,5,5,Khao sat that
108,5,2,1,2,2,6,6,4,3,3,3,4,4,4,4,4,4,4,5,4,3,3,Khao sat that
109,5,2,2,2,2,4,5,4,1,2,4,5,3,5,3,3,3,3,3,5,4,4,Khao sat that
110,5,1,2,2,2,6,6,4,4,2,5,5,5,3,4,4,3,5,5,4,4,3,Khao sat that
111,5,2,2,2,2,6,6,4,4,2,5,5,4,3,3,3,4,5,5,4,3,3,Khao sat that
112,5,1,2,2,2,6,6,4,4,1,3,5,4,3,3,3,3,4,4,5,4,4,Khao sat that
113,5,2,1,2,2,3,2,4,4,2,4,5,3,3,4,3,3,4,5,4,4,3,Khao sat that
114,5,2,1,2,2,2,1,2,3,2,3,5,3,3,4,3,3,4,3,4,3,3,Khao sat that
115,5,1,1,1,2,3,3,3,3,1,3,5,3,4,3,5,4,4,3,3,3,3,Khao sat that
116,5,2,2,2,2,1,1,3,3,1,2,5,3,3,3,3,3,3,3,5,3,3,Khao sat that
117,5,2,2,2,2,6,6,4,4,1,2,5,4,3,3,3,3,3,3,3,3,3,Khao sat that
118,5,2,2,2,2,6,6,4,4,1,2,4,4,3,3,3,4,4,4,4,4,3,Khao sat that
119,5,2,2,2,2,6,6,4,4,2,2,5,3,3,3,3,3,3,3,3,3,3,Khao sat that
120,5,2,1,2,2,6,6,1,1,2,3,5,3,3,4,4,4,5,4,5,4,3,Khao sat that
121,5,2,2,2,2,3,3,3,3,2,2,4,3,3,3,3,5,5,4,4,4,4,Khao sat that
122,5,2,2,2,2,4,4,1,1,1,2,5,3,4,4,3,4,5,5,5,3,4,Khao sat that
123,5,2,1,2,2,6,6,1,1,1,4,5,4,3,4,4,4,5,4,5,4,3,Khao sat that
124,5,2,2,2,2,5,5,2,2,1,3,4,4,3,3,4,4,4,4,5,3,3,Khao sat that
125,5,2,1,2,2,3,2,4,4,1,1,5,3,3,3,4,3,4,5,5,4,3,Khao sat that
126,5,2,2,2,2,5,5,5,4,1,1,5,3,4,4,5,4,4,4,4,4,4,Khao sat that
127,5,2,2,2,2,5,5,2,2,1,1,4,4,3,3,4,4,4,4,4,3,3,Khao sat that
128,5,2,2,2,2,4,3,2,2,2,2,5,3,3,3,3,4,4,4,4,4,4,Khao sat that
129,5,2,2,2,2,2,2,3,3,1,3,5,4,4,4,4,4,4,4,4,4,4,Khao sat that
130,5,2,2,2,2,4,3,2,2,1,1,5,5,3,3,3,3,3,5,4,3,3,Khao sat that
131,5,2,2,2,2,4,3,2,2,1,1,5,5,3,3,3,3,3,5,4,3,3,Khao sat that
132,5,2,2,2,2,3,3,3,3,1,3,4,4,3,3,3,5,5,4,5,4,4,Khao sat that
133,5,2,1,2,2,6,6,4,4,2,4,5,4,3,3,3,4,4,4,4,3,3,Khao sat that
134,5,1,1,1,2,3,3,3,3,2,3,5,3,4,3,5,4,4,3,3,3,3,Khao sat that
135,5,2,2,2,2,3,3,3,3,1,3,4,4,3,3,3,5,5,4,5,4,4,Khao sat that
136,5,2,2,2,2,4,4,1,1,1,3,5,4,3,4,4,5,5,4,4,4,5,Khao sat that
137,5,2,2,2,2,3,3,3,3,1,2,4,4,3,3,3,5,5,4,5,4,4,Khao sat that
138,5,2,2,2,2,1,5,5,3,1,2,5,3,3,3,3,3,4,3,5,3,3,Khao sat that
139,5,2,2,2,2,6,6,4,4,1,5,5,3,5,5,5,5,5,5,5,5,5,Khao sat that
140,5,2,1,2,2,5,5,1,1,2,2,5,5,3,5,4,4,4,5,5,3,4,Khao sat that
141,5,2,2,2,2,5,5,3,3,2,2,5,3,4,5,5,5,5,5,5,3,3,Khao sat that
142,5,2,2,2,2,3,3,2,2,1,3,5,3,3,3,3,4,3,4,3,3,4,Khao sat that
143,5,2,2,2,2,6,6,4,4,1,5,5,3,5,5,5,5,5,5,5,5,5,Khao sat that
144,5,1,1,2,2,6,6,4,4,1,2,5,4,5,4,4,5,4,4,5,5,3,Khao sat that
145,5,2,1,2,2,5,5,2,1,1,1,5,3,4,5,5,5,5,5,4,4,5,Khao sat that
146,5,2,1,2,2,1,1,1,1,1,1,5,3,4,4,4,5,5,5,5,4,4,Khao sat that
147,5,2,2,2,2,3,3,3,3,1,1,5,3,4,4,4,4,4,5,5,5,5,Khao sat that
148,5,1,1,2,1,3,3,3,3,1,2,5,3,3,3,4,4,5,4,4,5,4,Khao sat that
149,5,2,2,2,2,5,5,2,1,1,2,5,4,3,5,5,5,5,5,5,5,5,Khao sat that
150,5,2,2,2,2,5,5,1,1,1,2,5,3,3,5,5,5,4,5,4,5,4,Khao sat that
151,5,2,2,2,2,5,5,1,1,1,2,5,3,4,5,5,5,5,5,5,5,5,Khao sat that
152,5,1,1,2,1,3,3,3,3,2,4,5,3,3,3,4,5,5,5,5,4,4,Khao sat that
153,5,2,1,2,1,3,3,3,3,2,4,5,4,4,4,5,5,5,4,4,5,4,Khao sat that
154,5,2,1,2,1,3,3,3,3,2,5,5,3,4,4,5,4,4,5,5,5,5,Khao sat that
155,5,2,1,2,1,3,3,3,3,2,4,5,4,3,5,5,5,5,4,5,4,4,Khao sat that
156,5,1,1,2,1,3,3,3,3,2,5,5,4,4,3,4,3,4,4,4,3,5,Khao sat that
157,5,2,1,2,1,3,3,3,3,2,5,5,3,4,3,4,4,5,5,4,4,4,Khao sat that
158,5,2,1,2,1,3,3,3,3,2,4,5,3,4,4,5,4,5,5,4,4,5,Khao sat that
159,5,2,1,2,1,3,3,3,3,2,4,5,3,3,3,5,5,5,5,3,3,4,Khao sat that
160,5,1,1,2,1,3,3,3,3,2,5,5,3,4,4,5,5,5,5,5,4,5,Khao sat that
161,5,2,1,2,1,3,3,3,3,2,4,5,3,4,4,5,3,4,4,5,4,4,Khao sat that
162,5,2,1,2,1,3,3,3,3,2,4,5,4,4,3,4,4,4,5,5,4,5,Khao sat that
163,5,2,1,2,1,3,3,3,3,2,3,5,3,4,4,5,4,5,5,5,3,4,Khao sat that
164,5,2,1,2,1,3,3,3,3,2,5,5,3,3,4,5,5,5,5,4,4,5,Khao sat that
165,5,2,1,2,1,3,3,3,3,2,5,5,3,4,3,5,5,4,4,5,4,4,Khao sat that
166,5,1,1,2,1,3,3,3,3,2,5,5,3,4,3,5,4,5,5,5,4,5,Khao sat that
167,5,1,1,2,1,3,3,3,3,2,4,5,3,3,4,5,4,5,5,4,3,5,Khao sat that
168,5,1,1,2,1,3,3,3,3,2,4,5,3,4,4,5,3,4,5,5,4,4,Khao sat that
169,5,2,1,2,1,3,3,3,3,2,5,5,3,3,4,5,5,4,5,4,4,4,Khao sat that
170,5,2,1,2,1,3,3,3,3,2,5,5,3,4,4,5,5,5,4,5,4,3,Khao sat that
171,5,2,1,2,1,3,3,3,3,2,4,5,4,4,3,5,5,5,5,5,5,4,Khao sat that
172,5,2,1,2,1,3,3,3,3,2,4,5,4,4,4,5,4,5,4,5,4,5,Khao sat that
173,5,2,1,2,1,3,3,3,3,2,4,5,3,4,4,4,4,5,4,4,4,5,Khao sat that
174,5,2,1,2,1,3,3,3,3,2,4,5,3,4,3,4,5,5,5,5,5,4,Khao sat that
175,5,2,1,2,1,3,3,3,3,2,4,5,3,4,4,5,5,4,5,5,5,4,Khao sat that
176,5,2,1,2,1,3,3,3,3,2,4,5,3,4,3,5,4,5,5,4,4,3,Khao sat that
177,5,2,1,2,1,3,3,3,3,2,5,5,3,3,4,5,3,4,5,5,4,4,Khao sat that
178,5,2,1,2,1,3,3,3,3,2,5,5,3,3,4,5,4,5,4,5,4,4,Khao sat that
179,5,2,1,2,1,3,3,3,3,2,4,5,3,4,3,5,5,4,4,5,5,4,Khao sat that
180,5,2,1,2,1,3,3,3,3,2,4,5,3,3,3,5,5,5,5,5,3,4,Khao sat that
181,5,2,1,2,1,3,3,3,3,2,4,5,3,4,4,5,4,4,5,4,4,5,Khao sat that
182,5,1,1,2,1,3,3,3,3,2,4,5,3,4,3,5,5,5,5,5,4,4,Khao sat that
183,4,2,2,2,2,2,2,2,2,1,2,2,3,5,5,5,5,5,5,5,5,5,Khao sat that
184,4,2,2,2,2,5,4,1,2,3,3,5,3,4,3,5,4,4,4,4,5,3,Khao sat that
185,4,2,1,2,2,3,3,2,2,1,1,2,3,5,5,5,5,5,5,5,5,4,Khao sat that
186,4,1,2,2,2,3,4,2,2,1,2,4,2,3,3,3,3,4,5,3,3,3,Khao sat that
187,4,2,1,2,2,3,3,2,2,5,3,3,3,3,3,3,4,3,4,5,4,5,Khao sat that
188,4,2,1,2,2,3,3,3,3,5,3,2,3,3,3,3,4,4,5,3,3,3,Khao sat that
189,4,2,2,2,2,3,3,3,3,1,2,3,2,4,3,3,3,4,5,3,3,3,Khao sat that
190,4,1,2,2,2,2,2,2,2,1,2,4,2,3,3,3,4,4,4,3,3,3,Khao sat that
191,4,1,2,2,2,3,4,2,2,1,1,4,2,3,3,3,5,4,5,3,3,3,Khao sat that
192,4,1,2,2,2,4,4,4,4,1,1,5,3,3,4,4,4,4,4,4,4,4,Khao sat that
193,4,2,2,2,2,3,3,3,3,1,2,2,2,4,4,4,4,4,4,4,4,4,Khao sat that
194,4,1,2,2,2,3,3,2,2,2,2,1,2,3,3,3,4,4,4,3,3,3,Khao sat that
195,4,2,2,2,2,2,3,3,3,1,1,2,1,5,5,5,5,5,5,5,5,5,Khao sat that
196,4,2,2,2,2,3,3,3,2,2,2,4,3,3,4,5,5,5,5,5,5,5,Khao sat that
197,4,2,2,2,2,3,3,3,3,1,2,2,1,5,5,5,5,5,5,5,5,4,Khao sat that
198,4,2,2,2,2,4,3,2,1,3,3,5,1,5,4,3,4,4,4,3,5,3,Khao sat that
199,4,2,1,2,2,2,2,3,2,3,1,3,1,3,3,4,4,3,4,3,4,3,Khao sat that
200,4,2,2,2,2,3,3,1,1,1,2,2,1,5,5,5,5,5,5,5,5,5,Khao sat that
201,4,2,2,2,2,3,3,2,2,1,1,4,2,3,4,5,5,4,4,4,5,5,Khao sat that
202,4,2,1,2,2,4,4,4,2,3,2,5,3,3,3,5,4,3,4,3,3,4,Khao sat that
203,4,2,1,2,2,5,3,3,3,5,2,3,2,3,3,3,3,4,5,3,3,2,Khao sat that
204,4,2,1,2,2,4,4,2,2,3,3,1,3,3,3,4,4,4,4,4,4,4,Khao sat that
205,4,2,1,2,2,4,4,2,2,3,3,1,3,3,4,4,4,4,4,4,4,4,Khao sat that
206,4,2,2,2,2,3,3,2,2,2,3,1,3,5,5,5,5,5,5,5,4,3,Khao sat that
207,4,1,1,2,2,1,1,1,1,5,3,2,2,3,3,4,4,4,4,3,3,3,Khao sat that
208,4,2,2,2,2,3,3,3,3,1,1,4,3,4,4,4,4,4,4,4,4,4,Khao sat that
209,4,1,1,2,2,3,4,2,2,3,2,3,3,3,5,5,5,4,5,5,5,3,Khao sat that
210,4,2,2,2,2,2,2,2,2,1,1,2,3,4,4,5,5,5,5,5,5,5,Khao sat that
211,4,2,1,2,2,6,5,4,2,2,2,5,3,4,3,4,4,4,5,3,3,4,Khao sat that
212,5,2,2,2,2,5,4,1,1,1,2,5,3,4,3,4,3,4,5,4,4,4,Khao sat that
213,5,1,2,2,2,5,5,2,2,1,2,5,3,5,5,5,5,5,5,5,5,5,Khao sat that
214,5,2,2,2,2,3,4,2,2,1,4,5,3,3,3,3,4,4,4,3,3,2,Khao sat that
215,5,2,2,2,2,5,4,1,1,1,1,5,3,4,4,5,5,5,5,4,4,4,Khao sat that
216,5,2,2,2,2,5,4,1,1,1,3,5,3,4,4,4,4,4,5,4,3,3,Khao sat that
217,5,2,1,2,2,4,3,1,1,1,2,5,4,4,3,2,4,2,5,4,4,4,Khao sat that
218,5,2,1,2,2,3,4,3,2,3,3,5,3,5,5,5,5,5,5,5,5,5,Khao sat that
219,5,1,2,2,2,5,5,1,1,1,2,5,3,4,4,4,4,5,4,4,4,4,Khao sat that
220,5,2,2,2,2,5,3,2,2,3,2,5,4,3,4,4,5,5,4,5,4,5,Khao sat that
221,5,2,2,2,2,5,5,1,1,3,2,5,4,3,3,4,5,4,5,4,4,4,Khao sat that
222,5,2,2,2,2,5,3,1,2,1,2,5,3,4,4,4,5,4,4,4,3,4,Khao sat that
223,5,2,2,2,2,5,5,1,1,1,1,5,4,3,3,4,5,4,4,4,3,3,Khao sat that
224,5,2,2,2,2,3,2,2,3,2,3,5,3,4,4,4,5,4,5,4,3,3,Khao sat that
225,5,2,2,2,2,5,4,1,1,1,2,5,4,4,4,5,4,5,5,4,4,4,Khao sat that
226,5,2,1,2,2,5,3,4,3,2,2,5,3,5,5,5,5,5,5,5,5,5,Khao sat that
227,5,2,2,2,2,5,5,2,2,2,2,5,3,5,5,5,5,5,5,5,5,5,Khao sat that
228,5,2,1,2,2,5,5,2,3,2,2,5,3,5,5,5,5,5,5,5,5,5,Khao sat that
229,5,2,2,2,2,4,4,2,2,1,1,5,4,5,5,5,5,5,5,5,5,5,Khao sat that
230,5,2,2,2,2,5,5,1,1,2,2,5,3,5,5,5,5,5,5,5,5,5,Khao sat that
231,5,2,2,2,2,5,5,1,1,1,2,5,4,5,5,5,5,5,5,5,5,5,Khao sat that
232,5,2,2,2,2,4,4,2,2,2,2,5,3,5,5,5,5,5,5,5,5,5,Khao sat that
233,5,2,2,2,2,5,5,1,1,2,2,5,3,5,5,5,5,5,5,5,5,5,Khao sat that
234,5,2,2,2,2,5,5,1,1,1,2,5,5,5,5,5,5,5,5,5,5,5,Khao sat that
235,5,2,2,2,2,5,5,1,1,1,2,5,3,5,5,5,5,5,5,5,5,5,Khao sat that
236,5,2,2,2,2,3,4,2,2,2,1,5,3,5,5,5,5,5,5,5,5,5,Khao sat that
237,5,2,2,2,2,4,3,3,3,1,1,5,3,5,5,5,5,5,5,5,5,5,Khao sat that
238,5,2,2,2,2,4,4,2,2,1,2,5,3,5,5,5,5,5,5,5,5,5,Khao sat that
239,5,2,2,2,2,5,5,1,1,1,2,5,3,5,5,5,5,5,5,5,5,5,Khao sat that
240,5,2,2,2,2,2,3,1,2,1,1,5,3,5,5,5,5,5,5,5,5,5,Khao sat that
241,5,2,2,2,2,1,2,2,3,1,1,5,3,5,5,5,5,5,5,5,5,5,Khao sat that
242,5,2,1,2,2,6,6,4,4,1,3,5,4,4,4,5,5,4,5,5,5,4,Khao sat that
243,5,2,2,2,2,5,5,1,1,2,2,5,3,3,3,3,3,4,5,4,4,3,Khao sat that
244,5,2,1,2,2,5,5,3,3,2,2,5,3,4,5,5,5,4,5,3,5,5,Khao sat that
245,5,2,1,2,2,1,1,3,3,1,2,5,3,3,4,5,5,5,5,5,5,5,Khao sat that
246,5,2,1,2,2,4,4,4,2,2,2,5,3,4,4,5,5,4,4,5,5,4,Khao sat that
247,5,2,1,2,2,4,4,3,3,1,2,5,4,3,4,5,4,5,5,5,4,4,Khao sat that
248,5,1,1,2,2,2,4,2,2,2,2,5,3,5,5,5,5,5,5,5,5,5,Khao sat that
249,5,2,1,2,2,3,3,3,3,2,1,5,3,4,4,4,4,4,4,4,4,4,Khao sat that
250,5,2,1,2,2,2,2,2,3,1,1,5,3,1,1,1,1,1,1,1,3,3,Khao sat that
251,5,2,1,2,2,3,4,3,2,2,3,5,3,5,5,5,5,5,5,5,5,5,Khao sat that
252,5,2,2,2,2,1,2,2,2,2,2,5,4,3,3,3,3,4,5,4,4,4,Khao sat that
253,5,2,2,2,2,5,5,1,2,1,2,5,3,3,3,4,4,4,5,3,4,3,Khao sat that
254,5,2,2,2,2,4,5,2,1,3,2,5,3,3,3,3,4,4,4,4,4,4,Khao sat that
255,5,2,2,2,2,3,3,2,2,2,1,5,3,3,3,4,3,3,3,3,3,3,Khao sat that
256,5,2,2,2,2,5,4,1,2,1,2,5,4,4,3,3,3,3,3,4,3,3,Khao sat that
257,5,1,1,2,2,2,4,2,2,2,3,5,3,5,5,5,5,5,5,5,5,5,Khao sat that
258,5,2,2,2,2,5,4,1,1,1,1,5,4,4,4,5,5,5,5,4,4,4,Khao sat that
259,5,2,2,2,2,4,3,1,3,1,2,5,4,3,4,3,3,2,3,4,3,4,Khao sat that
260,5,2,1,2,2,3,3,2,3,1,5,5,3,5,5,5,5,5,5,5,5,5,Khao sat that
261,5,2,2,2,2,5,3,2,2,1,2,5,3,3,2,1,4,2,4,3,4,2,Khao sat that
262,5,2,2,2,2,3,4,3,4,2,1,5,3,3,4,4,5,4,5,4,4,3,Khao sat that
263,5,2,2,2,2,5,5,1,1,1,2,5,3,3,4,5,3,5,4,4,3,5,Khao sat that
264,5,2,2,2,2,2,3,1,2,1,2,5,3,5,5,5,5,5,5,5,5,5,Khao sat that
265,5,2,2,2,2,3,3,3,3,2,2,5,4,3,3,3,3,3,3,3,3,3,Khao sat that
266,5,2,1,2,2,4,5,3,3,1,2,5,3,5,5,5,5,5,5,5,5,5,Khao sat that
267,5,2,2,2,2,3,3,2,2,2,3,5,4,3,3,3,3,3,3,3,3,3,Khao sat that
268,5,2,1,2,2,3,2,4,4,1,2,5,3,5,5,5,5,5,5,5,5,5,Khao sat that
269,5,2,2,2,2,1,2,2,3,2,1,5,3,5,5,5,5,5,5,5,5,5,Khao sat that
270,5,2,2,2,2,1,2,3,3,1,3,5,3,3,3,3,3,2,4,4,2,3,Khao sat that
271,5,1,1,2,2,5,3,4,3,2,2,5,4,5,5,5,5,5,5,5,5,5,Khao sat that
272,5,2,2,2,2,2,3,2,3,2,2,5,3,5,5,5,5,5,5,5,5,5,Khao sat that
273,5,2,1,2,2,5,5,2,1,1,3,5,3,5,5,5,5,5,5,5,5,5,Khao sat that
274,5,2,2,2,2,5,5,1,1,1,2,5,3,5,5,5,5,5,5,5,5,5,Khao sat that
275,5,2,2,2,2,6,6,3,4,1,2,4,4,3,5,4,5,5,5,5,5,4,Khao sat that
276,5,2,1,2,2,4,3,1,1,1,2,5,4,4,3,2,4,2,5,4,4,4,Khao sat that
277,5,1,2,2,2,6,6,3,3,2,1,4,3,4,5,3,4,3,5,5,3,3,Khao sat that
278,5,1,2,2,2,3,3,2,2,2,3,4,4,4,5,4,5,5,5,5,4,2,Khao sat that
279,5,2,2,2,2,5,4,1,1,1,2,5,3,4,3,4,3,4,5,4,4,4,Khao sat that
280,5,2,1,2,2,4,2,3,1,2,4,5,4,3,4,4,4,4,5,5,5,5,Khao sat that
281,5,2,1,2,2,4,4,1,2,3,4,2,4,3,4,5,5,4,5,4,5,4,Khao sat that
282,5,2,1,2,2,2,2,1,1,2,4,5,4,3,3,4,4,5,4,4,5,4,Khao sat that
283,5,2,1,2,2,5,5,1,2,3,5,3,3,3,4,4,5,5,5,4,5,4,Khao sat that
284,5,2,1,2,2,2,3,4,4,1,4,3,3,3,4,5,5,4,4,4,5,4,Khao sat that
285,5,2,1,2,2,2,2,1,2,3,4,4,3,3,4,4,4,5,5,4,4,5,Khao sat that
286,5,2,1,2,2,2,3,1,2,2,2,3,3,3,4,4,4,5,4,4,5,4,Khao sat that
287,5,2,1,2,2,2,2,2,1,2,1,5,3,3,4,5,4,4,4,5,5,5,Khao sat that
288,5,2,1,2,1,4,4,4,4,3,4,3,4,4,4,4,3,5,4,4,3,3,Khao sat that
289,5,2,1,2,2,2,2,1,1,2,4,5,3,3,4,5,4,5,4,3,5,4,Khao sat that
290,5,2,1,2,2,5,5,1,2,3,5,3,4,3,4,5,4,5,4,4,5,3,Khao sat that
291,5,2,1,2,2,2,1,2,3,3,3,5,5,3,4,4,5,4,5,5,5,4,Khao sat that
292,5,2,1,2,2,4,2,3,1,2,4,5,4,3,4,4,4,5,5,5,5,4,Khao sat that
293,5,1,2,2,2,4,5,2,3,1,3,3,3,3,3,5,4,4,4,5,4,5,Khao sat that
294,5,2,1,2,2,2,3,4,4,1,4,3,2,3,4,4,4,4,3,5,5,3,Khao sat that
295,5,1,1,2,2,2,1,2,3,3,3,5,3,3,4,4,5,5,5,4,5,5,Khao sat that
296,5,1,1,2,2,3,3,2,2,2,2,5,3,3,4,4,5,5,4,5,5,4,Khao sat that
297,5,2,1,2,2,4,2,3,1,2,4,5,4,3,4,4,4,4,3,5,4,3,Khao sat that
298,5,2,1,2,2,2,2,2,1,2,1,5,3,3,4,4,5,4,4,5,4,3,Khao sat that
299,5,1,2,2,2,4,5,2,3,1,3,4,3,3,4,5,4,4,4,5,4,4,Khao sat that
300,5,1,2,2,2,4,5,2,3,1,3,4,3,3,4,5,4,4,4,5,4,5,Khao sat that
301,5,2,2,2,2,3,5,1,2,2,3,4,4,3,4,3,4,4,4,5,5,4,Khao sat that
302,5,1,2,2,2,4,5,2,3,1,3,5,4,3,4,5,4,4,4,5,4,5,Khao sat that
303,5,2,1,2,2,2,2,1,1,1,4,5,3,3,3,4,5,4,4,5,4,5,Khao sat that
304,5,2,1,2,2,2,1,2,3,1,3,5,3,3,3,4,5,5,3,4,5,5,Khao sat that
305,5,2,2,2,2,3,3,3,2,2,3,4,3,3,4,5,4,5,4,4,4,3,Khao sat that
306,5,2,2,2,2,3,3,3,2,2,3,5,3,4,4,5,4,5,4,4,4,3,Khao sat that
307,5,2,2,2,2,3,3,3,2,2,3,5,3,3,4,5,4,5,3,4,5,3,Khao sat that
308,5,2,1,2,1,4,4,4,4,3,4,4,3,4,4,4,3,5,5,4,5,3,Khao sat that
309,5,2,1,2,2,2,1,2,3,3,3,5,3,3,3,4,3,4,5,4,3,5,Khao sat that
310,5,2,2,2,2,3,3,3,2,2,3,4,3,3,3,5,4,5,5,4,5,4,Khao sat that
311,5,2,1,2,2,2,1,2,1,2,2,5,3,3,4,4,4,4,4,4,4,5,Khao sat that
312,5,2,1,2,2,4,2,3,1,2,4,5,3,4,3,4,4,4,4,3,4,3,Khao sat that
313,5,2,1,2,2,2,3,4,4,1,4,4,3,3,3,4,5,4,5,5,5,4,Khao sat that
314,5,2,1,2,2,4,3,1,1,1,2,5,3,4,3,4,4,5,5,4,4,4,Khao sat that
315,5,2,2,2,2,5,4,1,1,1,2,5,3,4,3,4,4,4,5,4,4,4,Khao sat that
316,5,2,2,2,2,5,4,1,1,1,1,5,3,4,4,5,5,5,5,4,4,4,Khao sat that
317,5,1,1,2,2,5,3,4,3,2,1,5,4,4,4,5,5,5,5,5,5,5,Khao sat that
318,5,2,1,2,2,5,5,2,3,2,2,4,3,4,4,5,5,5,5,5,5,5,Khao sat that
319,5,2,1,2,2,5,5,2,1,1,1,5,4,4,4,5,5,5,5,5,5,5,Khao sat that
320,5,2,2,2,2,5,5,1,1,1,2,5,3,3,4,5,5,5,5,5,5,5,Khao sat that
321,5,2,1,2,2,3,2,4,4,1,2,5,3,4,4,5,5,5,5,5,5,5,Khao sat that
322,5,2,1,2,2,4,5,3,3,1,2,5,4,4,4,5,5,5,5,5,5,5,Khao sat that
323,5,2,2,2,2,2,3,2,3,2,2,5,3,3,3,5,5,5,5,5,5,5,Khao sat that
324,5,2,1,2,2,3,3,2,3,2,2,5,3,4,4,5,5,5,5,5,5,5,Khao sat that
325,5,1,1,2,2,2,4,2,2,2,2,5,4,4,4,5,5,5,5,5,5,5,Khao sat that
326,5,2,1,2,2,3,4,3,2,2,2,5,3,4,4,5,5,5,5,5,5,5,Khao sat that
327,5,2,2,2,2,2,3,1,2,1,2,5,3,3,4,5,5,5,5,5,5,5,Khao sat that
328,5,2,2,2,2,1,2,2,3,2,1,5,3,4,3,5,5,5,5,5,5,5,Khao sat that
329,5,2,2,2,2,5,3,2,2,1,2,5,3,3,4,4,4,4,4,3,4,4,Khao sat that
330,5,2,2,2,2,3,4,3,4,1,3,5,4,3,4,4,5,4,5,4,4,5,Khao sat that
331,5,2,2,2,2,5,5,1,1,2,2,5,3,4,4,5,5,5,4,4,4,5,Khao sat that
332,5,2,2,2,2,3,3,2,2,2,2,5,3,3,4,4,5,5,5,5,3,3,Khao sat that
333,5,2,2,2,2,5,5,1,2,1,2,5,3,4,3,4,4,5,5,5,4,3,Khao sat that
334,5,2,2,2,2,5,4,1,2,1,3,5,3,4,4,4,4,5,5,4,3,3,Khao sat that
335,5,2,2,2,2,4,3,1,3,1,2,5,3,3,4,5,5,5,5,4,5,4,Khao sat that
336,5,2,2,2,2,4,5,2,1,2,1,5,3,4,3,5,4,4,4,4,4,4,Khao sat that
337,5,2,2,2,2,3,3,3,3,2,2,5,3,4,4,4,5,5,5,5,3,3,Khao sat that
338,5,2,2,2,2,3,3,2,2,2,3,5,3,3,4,5,5,5,5,5,3,3,Khao sat that
339,5,2,2,2,2,1,2,3,3,2,2,5,4,4,3,5,5,5,4,4,4,3,Khao sat that
340,5,2,2,2,2,6,6,3,4,2,2,4,3,4,4,4,5,5,5,5,5,4,Khao sat that
341,5,1,2,2,2,6,6,3,3,3,1,5,3,4,4,5,4,4,5,5,4,3,Khao sat that
342,5,1,2,2,2,3,3,2,2,2,3,5,3,4,4,4,5,5,5,5,4,5,Khao sat that
343,5,2,1,2,2,5,5,2,1,3,2,5,3,4,4,5,5,5,5,4,4,5,Khao sat that
344,5,2,1,2,2,3,3,3,3,2,2,5,4,4,4,4,4,4,4,4,4,4,Khao sat that
345,5,2,1,2,2,5,5,2,1,2,1,5,3,4,4,5,5,5,5,5,4,5,Khao sat that
346,5,2,1,2,2,4,3,1,1,1,2,5,4,4,5,5,5,5,5,5,5,4,Khao sat that
347,5,2,2,2,2,5,4,1,1,1,2,5,3,4,4,4,5,4,5,4,4,4,Khao sat that
348,5,2,2,2,2,5,4,1,1,1,1,5,3,4,4,5,5,5,5,4,4,4,Khao sat that
349,5,1,1,2,2,5,3,4,3,2,2,5,4,5,5,5,5,5,5,5,5,5,Khao sat that
350,5,2,1,2,2,5,5,2,3,2,2,5,3,5,5,5,5,5,5,5,5,5,Khao sat that
351,5,2,1,2,2,5,5,2,1,1,3,5,4,5,5,5,5,5,5,5,5,5,Khao sat that
352,5,2,2,2,2,5,5,1,1,1,2,5,3,5,5,5,5,5,5,5,5,5,Khao sat that
353,5,2,1,2,2,3,2,4,4,1,2,5,3,5,5,5,5,5,5,5,5,5,Khao sat that
354,5,2,1,2,2,4,5,3,3,2,2,5,4,5,5,5,5,5,5,5,5,5,Khao sat that
355,5,2,2,2,2,2,3,2,3,2,2,5,4,5,5,5,5,5,5,5,5,5,Khao sat that
356,5,2,1,2,2,3,3,2,3,1,3,5,3,5,5,5,5,5,5,5,5,5,Khao sat that
357,5,1,1,2,2,2,4,2,2,1,3,5,3,5,5,5,5,5,5,5,5,5,Khao sat that
358,5,2,1,2,2,3,4,3,2,1,2,5,3,5,5,5,5,5,5,5,5,5,Khao sat that
359,5,2,2,2,2,2,3,1,2,1,2,5,4,5,5,5,5,5,5,5,5,5,Khao sat that
360,5,2,2,2,2,1,2,2,3,2,2,5,3,5,5,5,5,5,5,5,5,5,Khao sat that
361,5,2,2,2,2,5,3,2,2,2,3,5,4,3,5,5,4,5,4,3,4,4,Khao sat that
362,5,2,2,2,2,3,4,3,4,2,2,5,3,3,4,4,5,4,5,4,4,3,Khao sat that
363,5,2,2,2,2,5,5,1,1,2,2,5,3,3,4,5,3,5,4,4,3,5,Khao sat that
364,5,2,2,2,2,1,2,2,2,1,3,5,5,3,4,4,3,4,5,4,4,4,Khao sat that
365,5,2,2,2,2,3,3,2,2,1,2,5,3,3,4,4,5,5,5,5,4,4,Khao sat that
366,5,2,2,2,2,1,1,2,2,1,1,5,3,3,4,4,4,5,5,5,5,4,Khao sat that
367,5,2,2,2,2,5,5,1,2,1,2,5,3,3,4,4,4,4,5,3,4,3,Khao sat that
368,5,2,2,2,2,5,4,1,2,2,3,5,3,4,4,5,5,5,5,4,5,4,Khao sat that
369,5,2,2,2,2,4,3,1,3,1,2,5,4,3,4,5,5,5,5,4,3,4,Khao sat that
370,5,2,2,2,2,4,5,2,1,2,2,5,4,3,4,3,4,4,4,4,4,4,Khao sat that
371,5,2,2,2,2,3,3,3,3,2,3,5,3,3,3,3,3,4,5,5,3,4,Khao sat that
372,5,2,2,2,2,3,3,2,2,2,3,5,4,3,3,3,3,5,5,5,3,4,Khao sat that
373,5,2,2,2,2,1,2,3,3,2,2,5,3,3,3,3,3,5,4,4,2,4,Khao sat that
374,5,2,2,2,2,6,6,3,4,1,1,4,3,3,5,4,5,5,5,5,5,4,Khao sat that
375,5,1,2,2,2,6,6,3,3,1,1,5,3,4,5,3,4,4,5,5,3,3,Khao sat that
376,5,1,2,2,2,3,3,2,2,2,3,4,4,4,5,4,5,5,5,5,4,4,Khao sat that
377,5,2,1,2,2,5,5,2,1,1,2,5,4,4,5,5,5,5,5,4,5,5,Khao sat that
378,5,2,2,2,2,5,5,1,1,2,2,5,4,5,4,5,4,5,5,5,5,5,Khao sat that
379,5,1,2,2,2,5,5,1,1,1,2,5,3,5,5,5,5,5,5,5,5,5,Khao sat that
380,5,2,2,2,2,5,5,1,1,2,2,5,3,5,5,5,5,5,5,5,5,5,Khao sat that
381,5,1,1,2,2,3,3,2,2,1,1,5,2,4,4,5,5,5,5,5,4,4,Khao sat that
382,5,2,2,2,2,5,4,1,1,1,2,5,2,3,4,4,4,5,4,5,5,5,Khao sat that
383,5,2,2,2,2,4,3,2,2,2,3,5,3,4,3,4,5,5,5,4,4,5,Khao sat that
384,5,2,2,2,2,4,3,2,2,1,2,4,3,4,4,4,4,4,4,5,4,4,Khao sat that
385,5,2,2,2,2,4,2,2,2,1,2,5,2,4,4,4,5,5,5,4,4,4,Khao sat that
386,5,2,1,2,2,6,6,4,4,3,4,5,2,5,5,4,4,4,4,4,5,3,Khao sat that
387,5,2,2,2,2,5,5,2,2,3,1,5,2,4,4,4,4,4,4,4,4,4,Khao sat that
388,5,2,1,2,2,2,2,3,3,1,3,5,2,4,4,4,4,4,4,4,4,4,Khao sat that
389,5,1,1,2,2,6,5,4,4,3,1,5,4,4,4,4,4,4,4,4,4,4,Khao sat that
390,5,2,2,2,2,3,3,3,3,3,3,5,3,5,5,5,5,5,5,5,5,5,Khao sat that
391,5,2,2,2,2,5,4,1,1,1,2,5,3,4,4,4,4,4,4,4,4,4,Khao sat that
392,5,2,2,2,2,5,6,2,1,1,3,5,4,3,5,1,1,5,5,5,5,5,Khao sat that
393,5,2,1,2,2,6,6,4,4,3,1,5,3,5,5,5,5,5,5,5,4,3,Khao sat that
394,5,2,1,2,2,5,5,4,3,3,1,5,3,3,5,4,3,3,3,4,5,3,Khao sat that
395,5,1,2,2,2,5,5,2,1,3,1,5,2,3,4,4,4,4,4,4,4,4,Khao sat that
396,5,2,2,2,2,5,5,2,2,3,1,5,3,4,4,4,4,4,4,4,4,4,Khao sat that
397,5,1,1,2,2,1,2,3,3,2,2,5,3,3,4,4,4,4,4,4,4,4,Khao sat that
398,5,2,1,1,2,5,3,3,3,3,2,5,3,3,4,4,4,4,4,4,5,4,Khao sat that
399,5,2,1,2,2,5,3,3,3,3,2,5,4,5,4,4,4,5,4,4,4,4,Khao sat that
400,5,2,2,2,2,5,5,4,3,2,2,5,2,5,3,5,5,5,4,3,5,4,Khao sat that
401,5,2,2,2,2,3,4,2,2,1,1,5,3,3,3,3,4,4,4,5,5,3,Khao sat that
402,5,2,1,2,2,5,5,4,4,3,2,5,5,3,1,1,1,5,4,4,4,4,Khao sat that
403,5,2,2,2,2,5,4,2,4,3,2,5,3,4,4,4,5,5,3,4,4,3,Khao sat that
404,5,1,2,2,2,6,6,4,4,2,3,5,4,4,4,4,4,4,4,4,4,4,Khao sat that
405,5,1,2,2,2,2,2,2,3,3,1,5,3,5,5,5,5,5,5,5,5,5,Khao sat that
406,5,2,2,2,2,3,5,2,1,2,2,5,3,3,4,4,5,3,4,3,4,4,Khao sat that
407,5,1,1,2,2,3,3,2,2,2,2,5,3,4,4,4,4,4,4,4,4,4,Khao sat that
408,5,2,1,2,2,1,1,1,1,1,1,5,4,4,5,5,4,4,4,5,4,4,Khao sat that
409,5,2,1,2,2,5,5,3,4,2,2,5,3,4,4,5,5,3,4,3,3,4,Khao sat that
410,5,2,2,2,2,5,4,2,2,3,1,5,3,5,5,5,4,5,5,5,4,4,Khao sat that
411,4,2,1,2,2,6,6,4,4,2,2,5,2,2,3,3,3,3,3,3,3,3,Khao sat that
412,4,2,2,2,2,5,5,3,2,3,2,5,2,3,3,3,3,4,4,4,4,4,Khao sat that
413,4,2,1,2,2,6,6,4,4,2,3,5,2,4,3,3,3,3,3,3,3,3,Khao sat that
414,4,1,1,2,2,6,6,4,4,2,2,5,2,3,3,3,3,3,3,3,3,3,Khao sat that
415,4,2,1,2,2,3,3,3,3,2,2,5,3,5,3,4,4,4,4,3,3,3,Khao sat that
416,4,2,2,2,2,5,5,3,3,2,3,5,5,4,4,5,5,5,5,5,4,4,Khao sat that
417,4,2,2,2,2,5,5,3,2,2,2,5,2,3,3,3,3,4,4,4,4,4,Khao sat that
418,4,2,2,2,2,5,5,1,1,2,2,5,3,5,5,5,5,5,5,5,5,5,Khao sat that
419,4,2,1,2,2,4,4,3,3,2,3,5,3,3,3,3,4,5,5,5,4,4,Khao sat that
420,4,2,1,2,2,6,6,4,4,1,2,5,4,4,4,3,4,3,4,3,3,3,Khao sat that
421,4,2,1,2,2,3,2,3,3,2,3,5,5,3,4,4,4,5,5,5,5,4,Khao sat that
422,4,2,1,2,2,6,6,4,4,1,2,5,4,4,4,3,4,3,4,3,3,3,Khao sat that
423,4,2,1,2,2,3,3,3,1,2,2,5,3,3,3,3,3,4,4,3,4,4,Khao sat that
424,4,2,2,2,2,5,5,5,5,2,2,4,3,5,5,5,5,4,5,4,3,3,Khao sat that
425,4,2,2,2,2,5,5,2,2,1,3,5,3,3,4,4,4,4,4,4,4,4,Khao sat that
426,4,2,2,2,2,5,5,1,1,2,2,5,4,3,3,3,3,4,5,4,4,3,Khao sat that
427,4,1,1,2,2,6,6,4,4,2,2,5,2,3,3,3,3,3,3,3,3,3,Khao sat that
428,4,2,2,2,2,5,5,1,1,2,2,5,3,5,5,5,5,5,5,5,5,5,Khao sat that
429,4,2,1,2,2,3,3,2,2,2,2,4,3,4,3,3,3,3,3,3,3,3,Khao sat that
430,4,2,1,2,2,6,6,4,4,2,2,5,3,5,4,3,4,3,3,3,3,3,Khao sat that
431,4,2,1,2,2,6,6,4,4,3,2,5,3,4,3,3,3,3,3,3,3,3,Khao sat that
432,4,2,1,2,2,3,3,3,1,1,2,5,3,3,3,3,3,4,4,3,4,4,Khao sat that
433,4,2,1,1,2,5,3,2,3,1,2,5,3,2,3,3,3,4,4,4,4,4,Khao sat that
434,4,2,1,2,2,6,6,4,4,1,3,5,2,2,3,3,3,3,3,3,3,3,Khao sat that
435,4,2,2,2,2,5,5,3,3,1,3,5,2,2,3,3,3,3,3,3,3,3,Khao sat that
436,5,2,2,2,2,5,5,1,1,1,1,5,4,3,4,4,4,4,4,4,3,4,Khao sat that
437,5,2,2,2,2,4,4,1,1,1,3,5,3,4,5,4,5,5,5,5,3,4,Khao sat that
438,5,2,1,2,2,3,3,3,3,2,2,5,3,3,3,3,4,4,5,5,3,3,Khao sat that
439,5,2,2,2,2,4,4,1,1,1,1,5,3,3,3,4,4,5,5,3,3,3,Khao sat that
440,5,2,1,2,1,2,3,2,2,1,1,5,2,5,5,5,5,5,5,5,5,5,Khao sat that
441,5,2,2,2,2,5,5,1,1,1,2,5,3,3,3,5,5,3,5,4,5,4,Khao sat that
442,5,2,2,2,2,4,4,1,1,1,1,5,4,4,4,4,4,4,5,4,4,4,Khao sat that
443,5,1,1,2,2,3,2,3,3,1,1,5,3,2,3,3,3,3,3,3,3,3,Khao sat that
444,5,2,2,2,2,5,4,1,1,1,1,5,5,4,4,4,5,5,5,5,4,3,Khao sat that
445,5,2,2,2,2,3,3,3,3,1,1,5,3,5,5,5,5,5,5,5,5,5,Khao sat that
446,5,2,2,2,2,3,3,2,3,3,3,5,3,3,4,3,4,5,5,5,5,5,Khao sat that
447,5,2,2,2,2,5,5,1,1,1,1,5,4,3,4,4,4,4,4,4,3,4,Khao sat that
448,5,2,2,2,2,3,2,2,2,1,1,5,3,3,3,3,3,3,3,3,3,3,Khao sat that
449,5,2,2,2,2,5,5,1,1,1,1,5,4,4,4,4,4,4,5,4,4,4,Khao sat that
450,5,2,2,2,2,3,3,3,3,1,2,5,3,3,3,4,4,4,5,5,5,4,Khao sat that
451,5,2,2,2,2,3,4,2,2,1,2,5,3,4,4,5,5,4,5,4,4,3,Khao sat that
452,5,2,2,2,2,4,4,1,1,1,3,5,3,4,5,4,5,5,5,5,3,4,Khao sat that
453,5,2,1,2,2,3,3,3,3,2,2,5,3,3,3,3,4,4,5,5,3,3,Khao sat that
454,5,2,2,2,2,4,4,1,1,1,1,5,3,3,3,4,4,5,5,3,3,3,Khao sat that
455,5,2,1,2,1,2,3,2,2,1,1,5,2,5,5,5,5,5,5,5,5,5,Khao sat that
456,5,2,2,2,2,5,5,1,1,1,2,5,3,3,3,5,5,3,5,4,3,4,Khao sat that
457,5,2,2,2,2,4,4,1,1,1,1,5,4,4,4,4,4,4,5,4,4,4,Khao sat that
458,5,2,1,2,2,3,2,3,3,1,1,5,3,2,3,3,3,3,3,3,3,3,Khao sat that
459,5,2,2,2,2,5,4,1,1,1,1,5,5,4,4,4,5,5,5,5,4,3,Khao sat that
460,5,2,2,2,2,3,3,3,3,1,1,5,3,5,5,5,5,5,5,5,5,5,Khao sat that
461,5,2,2,2,2,3,3,2,3,3,3,5,3,3,4,3,4,5,5,5,5,5,Khao sat that
462,5,2,2,2,2,3,4,2,2,1,2,5,3,4,4,5,5,4,5,4,4,3,Khao sat that
463,5,2,2,2,2,4,4,1,1,1,3,5,3,4,5,4,5,5,5,5,3,4,Khao sat that
464,5,2,1,2,2,3,3,3,3,2,2,5,3,3,3,3,4,4,5,5,3,3,Khao sat that
465,5,1,2,2,2,4,4,1,1,1,1,5,3,3,3,4,4,5,5,3,3,3,Khao sat that
466,5,1,1,2,1,2,3,2,2,1,1,5,2,5,5,5,5,5,5,5,5,5,Khao sat that
467,5,2,2,2,2,5,5,1,1,1,2,5,3,3,3,5,5,3,5,4,2,4,Khao sat that
468,5,2,2,2,2,4,4,1,1,1,1,5,4,4,4,4,4,4,5,4,4,4,Khao sat that
469,5,2,1,2,2,3,2,3,3,1,1,5,3,2,3,3,3,3,3,3,3,3,Khao sat that
470,5,2,2,2,2,5,4,1,1,1,1,5,5,4,4,4,5,5,5,5,4,3,Khao sat that
471,5,2,2,2,2,3,3,3,3,1,1,5,3,5,5,5,5,5,5,5,5,5,Khao sat that
472,5,2,2,2,2,3,3,2,3,3,3,5,3,3,4,3,4,5,5,5,5,5,Khao sat that
473,5,2,2,2,2,5,5,1,1,1,1,5,4,3,4,4,4,4,4,4,3,4,Khao sat that
474,5,2,2,2,2,3,2,2,2,1,1,5,3,3,3,3,3,3,3,3,3,3,Khao sat that
475,5,2,2,2,2,4,4,1,2,1,1,5,4,5,5,5,5,5,5,5,4,4,Khao sat that
476,5,1,2,2,2,5,5,1,1,1,1,5,3,4,3,4,4,3,4,4,3,4,Khao sat that
477,5,2,2,2,2,3,3,3,3,1,1,5,3,3,4,4,4,4,5,3,4,4,Khao sat that
478,5,2,2,2,2,4,3,1,2,1,1,5,3,3,3,4,4,4,5,4,4,4,Khao sat that
479,5,2,2,2,2,3,3,2,3,1,1,5,4,5,4,5,5,5,5,5,4,3,Khao sat that
480,5,1,2,2,2,4,4,1,2,1,1,5,4,3,4,4,4,4,5,4,3,3,Khao sat that
481,5,2,1,2,1,2,2,3,3,1,1,5,3,3,4,4,5,3,5,5,3,3,Khao sat that
482,5,2,2,2,2,3,3,3,2,1,1,5,3,4,4,5,5,5,5,5,5,5,Khao sat that
483,5,2,2,2,2,3,3,2,1,1,1,5,2,4,4,5,5,5,5,5,2,3,Khao sat that
484,5,2,2,2,2,4,4,1,1,2,1,5,3,3,5,5,5,5,5,5,5,5,Khao sat that
485,5,2,2,2,2,3,3,3,2,1,1,5,3,5,5,5,5,5,5,5,5,5,Khao sat that
486,5,2,2,2,2,5,5,1,1,1,1,5,4,4,4,4,4,4,5,4,4,4,Khao sat that
487,5,2,2,2,2,3,3,3,3,1,2,5,3,3,3,4,4,4,5,5,5,4,Khao sat that
488,5,2,2,2,2,4,5,1,1,1,1,5,3,4,5,5,5,5,5,5,4,4,Khao sat that
489,5,2,2,2,2,4,4,1,1,1,1,5,3,4,5,5,5,5,5,5,5,5,Khao sat that
490,5,2,2,2,2,5,5,1,1,1,1,5,3,5,5,5,5,5,5,5,5,5,Khao sat that
491,5,2,1,1,2,5,5,1,2,2,1,5,3,4,2,3,4,4,5,4,4,4,Khao sat that
492,5,2,1,2,2,5,5,1,1,2,2,5,3,4,2,4,5,4,4,4,5,3,Khao sat that
493,5,2,1,2,1,5,4,4,3,2,1,5,3,3,5,5,4,3,5,4,5,4,Khao sat that
494,5,2,1,1,2,3,4,3,3,1,2,5,3,3,4,4,4,4,4,4,4,3,Khao sat that
495,5,2,1,2,2,3,4,4,4,1,2,5,3,4,4,5,5,5,5,5,5,4,Khao sat that
496,5,2,1,2,1,4,4,4,4,1,3,4,3,3,3,3,3,5,4,3,4,4,Khao sat that
497,5,2,1,2,1,3,3,3,3,2,2,5,3,3,4,4,3,4,4,4,4,3,Khao sat that
498,5,2,1,2,1,3,3,4,4,1,2,5,3,3,3,5,3,4,4,4,3,3,Khao sat that
499,5,2,1,2,2,3,4,2,2,2,4,5,3,3,4,5,5,4,5,4,5,4,Khao sat that
500,5,2,2,2,2,3,3,2,2,2,4,5,3,3,3,4,4,4,4,4,5,5,Khao sat that
501,5,2,2,2,2,3,3,3,4,2,4,5,3,5,5,5,5,4,4,5,4,3,Khao sat that
502,5,2,1,2,2,5,5,1,1,1,4,5,3,4,4,5,5,4,5,4,4,4,Khao sat that
503,5,2,1,1,2,1,1,3,3,1,3,5,3,4,5,5,5,5,5,5,5,4,Khao sat that
504,5,2,2,2,2,4,5,3,2,2,4,5,3,3,4,5,5,4,4,4,5,3,Khao sat that
505,5,2,2,2,2,4,3,2,4,1,4,5,3,5,5,5,5,5,4,4,5,4,Khao sat that
506,5,2,1,2,2,5,5,1,1,1,5,5,3,3,3,4,4,4,5,4,4,4,Khao sat that
507,5,2,2,2,2,3,3,2,2,2,2,5,3,3,3,4,4,4,4,5,5,4,Khao sat that
508,5,1,2,2,2,5,4,5,3,2,1,5,3,4,3,5,3,3,5,4,5,4,Khao sat that
509,5,2,2,2,2,4,3,3,2,2,2,5,3,4,3,4,5,5,5,5,5,5,Khao sat that
510,5,2,2,2,2,6,6,4,4,2,4,5,3,4,5,5,5,5,5,5,5,5,Khao sat that
511,5,2,1,2,2,6,6,4,4,2,4,5,3,1,5,5,5,4,4,4,4,4,Khao sat that
512,5,2,2,2,2,5,5,4,3,2,5,5,3,5,4,5,5,5,4,4,4,3,Khao sat that
513,5,2,2,2,2,5,5,1,5,2,5,5,3,5,5,5,5,5,4,4,5,3,Khao sat that
514,5,2,1,2,2,5,6,4,3,2,2,5,3,5,5,5,5,5,5,5,5,5,Khao sat that
515,5,1,1,2,2,4,5,3,5,1,4,5,3,5,5,5,5,5,5,5,5,5,Khao sat that
516,5,1,1,2,2,5,5,4,4,2,3,5,3,3,3,4,3,3,3,4,5,3,Khao sat that
517,5,2,1,2,2,5,5,4,4,2,3,5,3,3,3,5,4,4,4,4,5,3,Khao sat that
518,5,2,1,2,2,5,5,5,4,3,4,5,3,3,3,5,5,5,5,5,5,4,Khao sat that
519,5,2,2,2,2,4,4,3,3,3,3,5,2,4,5,5,5,5,5,5,5,5,Khao sat that
520,5,2,2,2,2,5,5,2,1,3,2,5,3,5,5,5,5,5,5,5,5,5,Khao sat that
521,4,2,1,1,2,4,4,4,4,5,2,5,4,3,4,5,5,4,4,4,5,4,Khao sat that
522,5,2,1,2,2,5,5,5,4,3,4,5,5,3,3,5,5,5,5,5,5,5,Khao sat that
523,5,2,2,2,2,5,5,3,2,3,1,5,5,4,4,4,4,4,4,4,4,4,Khao sat that
524,5,2,1,2,2,6,6,4,4,1,1,5,2,4,4,5,4,5,5,4,4,4,Khao sat that
525,5,1,2,2,2,3,3,2,2,1,2,4,3,4,4,5,4,4,5,4,4,4,Khao sat that
526,5,1,2,2,2,5,5,3,4,1,2,5,2,4,4,4,4,4,4,4,4,4,Khao sat that
527,5,2,2,2,2,5,5,1,1,3,1,5,2,5,5,5,5,5,5,5,5,5,Khao sat that
528,5,2,2,2,2,2,2,2,3,1,1,5,4,4,4,5,4,4,4,4,4,4,Khao sat that
529,5,1,2,2,2,4,5,2,2,3,2,5,4,4,5,5,4,3,5,4,4,4,Khao sat that
530,5,2,1,2,2,5,3,2,2,3,1,5,2,3,3,3,4,3,4,3,3,4,Khao sat that
531,5,2,1,2,2,3,5,2,2,3,1,4,2,5,5,5,5,5,5,5,5,5,Khao sat that
532,5,2,2,2,2,5,5,1,1,3,2,5,4,4,4,4,4,4,4,4,4,4,Khao sat that
533,5,1,2,2,2,2,3,1,2,1,1,5,4,2,5,5,5,5,5,5,5,5,Khao sat that
534,5,1,1,2,2,3,5,4,1,2,2,5,3,5,4,4,5,4,5,4,4,4,Khao sat that
535,5,1,2,2,2,4,4,2,3,2,1,4,2,5,4,4,4,4,5,4,4,4,Khao sat that
536,5,2,2,2,2,5,5,1,1,3,2,4,2,5,5,5,5,5,5,5,5,5,Khao sat that
537,5,2,2,2,2,5,5,1,1,3,1,4,2,5,5,5,5,5,5,5,5,5,Khao sat that
538,5,2,2,2,2,4,4,3,2,3,2,4,2,4,4,4,4,4,4,4,4,4,Khao sat that
539,4,2,2,2,2,4,4,4,4,1,2,5,3,4,3,5,3,4,4,4,3,4,Khao sat that
540,4,2,2,2,2,2,4,2,3,1,2,5,3,3,5,5,5,5,5,5,5,5,Khao sat that
541,4,2,2,2,2,3,3,3,3,1,1,5,3,4,3,3,3,3,3,5,4,3,Khao sat that
542,4,2,2,2,2,3,3,3,3,2,2,5,3,4,4,4,4,4,4,4,4,5,Khao sat that
543,4,2,2,2,2,3,3,3,3,2,1,5,3,3,3,3,3,3,3,3,3,3,Khao sat that
544,4,2,2,2,2,3,3,3,3,2,2,5,3,4,4,4,4,4,4,4,4,4,Khao sat that
545,4,2,2,2,2,3,3,3,3,2,2,5,4,3,3,3,3,3,3,3,3,3,Khao sat that
546,4,2,2,2,2,3,4,3,2,2,2,5,3,3,3,3,3,3,3,3,3,5,Khao sat that
547,4,2,2,2,2,3,4,2,3,2,1,5,3,4,3,3,3,3,3,3,3,3,Khao sat that
548,4,2,2,2,2,3,3,3,3,1,2,5,2,3,3,3,3,3,3,3,3,5,Khao sat that
549,4,2,2,2,2,3,4,2,2,1,2,5,4,4,3,3,3,3,3,3,3,5,Khao sat that
550,4,2,1,1,2,2,4,2,3,1,2,5,3,3,5,5,5,5,5,5,5,5,Khao sat that
551,4,2,2,2,2,3,4,3,2,2,2,5,3,3,3,3,3,3,3,3,3,3,Khao sat that
552,4,2,2,2,2,3,3,3,3,2,1,5,3,3,4,5,3,5,4,4,4,4,Khao sat that
553,4,2,2,2,2,3,3,3,3,1,2,5,3,3,3,3,3,3,3,3,4,4,Khao sat that
554,4,1,2,2,2,4,4,2,2,2,1,5,3,4,3,5,4,4,5,5,5,5,Khao sat that
555,4,2,2,2,2,3,3,3,3,2,1,5,3,3,3,3,3,3,3,3,3,3,Khao sat that
556,4,2,2,2,2,3,3,3,3,1,1,5,2,3,3,3,3,3,3,3,3,3,Khao sat that
557,4,2,2,2,2,3,4,2,3,1,2,5,3,4,3,3,3,3,3,3,3,4,Khao sat that
558,4,2,2,2,2,3,3,2,2,1,2,5,3,3,3,5,5,5,4,5,4,3,Khao sat that
559,4,1,2,2,2,3,4,2,2,2,2,5,4,3,3,3,5,5,5,5,5,5,Khao sat that
560,5,1,2,2,2,4,5,4,4,3,2,5,3,4,4,5,5,4,5,5,4,4,Khao sat that
561,5,2,2,2,2,3,3,2,2,1,3,5,3,3,3,4,4,3,4,4,5,4,Khao sat that
562,5,2,2,2,2,3,3,2,2,4,3,5,4,4,3,2,3,4,4,3,4,4,Khao sat that
563,5,1,2,2,2,4,4,3,3,4,4,5,4,4,4,4,4,4,4,4,4,4,Khao sat that
564,5,2,2,2,2,1,4,4,3,3,1,4,4,4,4,5,4,4,4,4,4,4,Khao sat that
565,5,2,2,2,2,6,6,4,4,3,3,5,4,4,4,4,4,4,4,4,4,4,Khao sat that
566,5,2,2,2,2,5,5,2,2,3,4,5,4,4,4,4,4,4,4,4,4,4,Khao sat that
567,5,2,1,2,2,6,6,4,4,4,2,5,4,3,4,5,4,4,4,4,4,4,Khao sat that
568,5,2,1,2,2,5,5,4,4,2,3,3,3,3,4,5,4,5,5,5,4,5,Khao sat that
569,5,1,2,2,2,5,5,1,1,3,4,5,4,5,5,5,5,5,5,5,5,5,Khao sat that
570,5,2,1,2,2,3,3,2,2,2,4,5,4,5,5,5,5,5,5,5,5,5,Khao sat that
571,5,2,2,2,2,6,3,4,2,3,4,5,4,4,4,5,5,5,5,4,4,4,Khao sat that
572,5,2,2,2,2,5,5,3,3,3,4,5,4,3,3,4,4,5,5,5,5,3,Khao sat that
573,5,2,2,2,2,6,6,4,4,3,4,5,4,4,5,3,4,5,5,5,5,5,Khao sat that
574,5,2,1,2,2,1,1,1,1,3,4,5,4,3,5,5,4,5,5,4,4,4,Khao sat that
575,5,2,1,2,1,3,4,3,4,3,3,5,3,4,3,3,4,4,4,5,4,4,Khao sat that
576,5,2,2,2,2,4,4,3,2,1,2,5,4,4,5,5,5,5,4,4,4,4,Khao sat that
577,5,2,2,2,2,5,4,2,2,3,2,5,3,5,5,4,5,5,4,3,3,4,Khao sat that
578,5,2,2,2,2,1,1,2,2,3,2,5,3,3,4,5,5,4,4,5,4,4,Khao sat that
579,5,2,2,2,2,5,5,2,1,1,2,4,4,5,5,5,5,5,3,4,5,3,Khao sat that
580,5,2,1,2,2,5,5,4,4,5,2,5,5,3,5,5,5,5,5,5,5,5,Khao sat that
581,5,2,2,2,2,4,5,3,2,2,2,5,4,4,3,3,4,4,5,4,5,3,Khao sat that
582,5,2,2,2,2,5,6,4,3,1,4,5,4,4,5,4,3,4,4,3,4,4,Khao sat that
583,5,2,2,2,2,5,5,1,1,2,1,4,4,4,4,4,4,4,5,4,4,3,Khao sat that
584,5,2,2,2,2,5,4,1,2,2,3,5,5,3,3,3,5,5,3,3,3,3,Khao sat that
585,5,2,2,2,2,5,4,1,2,2,2,5,3,3,3,4,5,3,4,4,3,4,Khao sat that
586,5,1,2,2,2,6,5,4,4,1,2,5,4,5,3,4,5,5,5,4,2,3,Khao sat that
587,5,2,2,2,2,5,4,2,3,2,4,5,4,4,3,4,4,4,4,5,3,4,Khao sat that
588,5,2,2,2,2,2,2,3,3,1,3,4,3,3,3,3,3,4,5,4,5,3,Khao sat that
589,5,2,2,2,2,2,2,3,3,2,3,4,4,3,3,3,4,4,4,5,5,5,Khao sat that
590,5,2,1,2,1,5,5,4,4,3,3,5,4,3,3,3,5,4,4,5,5,4,Khao sat that
591,5,2,2,2,2,4,4,4,3,3,2,5,3,3,4,4,5,4,4,3,5,4,Khao sat that
592,5,2,1,2,2,5,5,4,2,2,3,4,4,3,3,4,5,4,4,5,4,4,Khao sat that
593,5,2,1,2,2,4,5,1,4,3,2,5,3,5,5,5,4,5,5,4,4,3,Khao sat that
594,5,2,2,2,2,5,6,2,4,2,3,5,4,3,3,3,3,5,5,4,4,5,Khao sat that
595,5,2,2,2,2,4,1,4,3,1,2,5,4,4,3,4,4,5,5,4,4,4,Khao sat that
596,5,2,1,2,2,5,5,3,2,3,3,5,4,4,5,5,3,5,5,4,4,4,Khao sat that
597,5,2,1,2,2,5,5,4,3,3,3,5,4,3,5,5,3,5,5,4,4,4,Khao sat that
598,5,2,2,2,2,5,6,1,1,3,2,5,4,3,4,4,4,5,5,4,5,5,Khao sat that
599,5,2,2,2,2,5,5,4,2,1,4,4,4,5,3,3,4,5,4,4,5,5,Khao sat that
600,5,2,2,2,2,6,6,3,2,3,3,5,3,3,5,5,4,5,4,5,4,4,Khao sat that
601,5,2,1,2,2,5,3,2,1,2,2,3,4,4,4,4,4,5,5,4,2,4,Khao sat that
602,5,2,1,2,2,5,3,2,1,2,3,4,4,4,4,4,3,4,5,4,4,4,Khao sat that
603,5,2,2,2,2,4,5,2,4,3,3,5,3,3,4,4,4,4,4,5,5,5,Khao sat that
604,5,2,2,2,2,2,4,4,4,5,2,5,4,3,3,3,4,5,5,5,5,4,Khao sat that
605,5,2,2,2,2,5,4,3,3,5,3,5,4,3,3,4,4,4,5,4,4,4,Khao sat that
606,5,2,1,2,2,5,5,2,3,2,3,5,3,4,3,4,3,4,4,5,4,4,Khao sat that
607,5,2,2,2,2,6,4,4,1,2,3,4,4,4,3,5,4,4,4,5,4,4,Khao sat that
608,5,2,1,2,2,5,5,4,4,1,3,4,3,4,4,4,5,4,4,4,4,4,Khao sat that
609,5,2,1,2,2,2,4,4,4,3,3,4,5,4,3,4,5,5,5,4,3,3,Khao sat that
610,5,2,1,2,2,6,3,3,3,2,2,4,3,4,4,4,5,3,4,4,4,4,Khao sat that
611,5,2,1,2,2,5,6,4,4,2,3,5,4,4,4,4,4,4,5,4,4,4,Khao sat that
612,5,2,2,2,2,4,4,1,1,2,2,4,4,4,4,4,5,4,4,4,3,3,Khao sat that
613,5,2,1,2,2,5,2,1,2,2,1,5,4,3,3,3,4,4,4,4,5,5,Khao sat that
614,5,2,1,2,2,4,4,4,4,3,2,5,3,3,3,3,5,4,3,4,3,3,Khao sat that
615,5,2,1,2,2,5,6,1,2,3,3,5,5,3,4,4,3,4,5,4,3,3,Khao sat that
616,5,2,1,2,2,4,4,4,4,3,2,5,3,3,4,3,3,4,5,5,5,3,Khao sat that
617,5,2,2,2,2,5,3,4,2,1,2,5,3,4,4,4,3,4,4,4,5,5,Khao sat that
618,5,1,1,2,2,6,6,4,4,2,2,5,4,4,4,4,4,5,5,4,4,4,Khao sat that
619,5,2,1,2,2,6,6,4,4,3,2,5,4,4,4,4,4,4,4,4,4,4,Khao sat that
620,5,2,1,2,2,5,6,4,3,3,4,5,3,5,4,5,5,3,5,4,3,3,Khao sat that
621,5,1,1,2,2,5,5,3,3,4,3,3,4,3,3,3,3,3,3,3,3,3,Khao sat that
622,5,2,1,2,2,5,5,1,2,2,3,2,4,3,3,3,3,3,3,3,3,3,Khao sat that
623,5,2,1,2,2,2,2,3,3,1,3,3,4,4,4,4,4,4,4,4,3,2,Khao sat that
624,5,2,1,2,2,3,3,3,3,2,2,3,3,3,3,3,4,4,3,3,3,2,Khao sat that
625,5,2,2,2,2,3,3,1,2,3,3,3,4,3,3,3,4,4,3,3,2,3,Khao sat that
626,5,2,2,2,2,3,4,3,3,2,3,4,3,3,3,3,4,4,4,4,3,2,Khao sat that
627,5,1,2,2,2,5,5,1,1,1,3,5,4,4,4,4,4,4,4,4,4,2,Khao sat that
628,5,2,2,2,2,3,3,3,3,1,3,3,3,3,3,3,4,4,4,4,2,2,Khao sat that
629,5,2,1,2,2,2,2,4,4,3,2,5,4,4,4,4,4,5,5,5,4,4,Khao sat that
630,5,2,2,2,2,3,3,3,3,2,3,3,3,3,3,3,3,3,3,3,2,2,Khao sat that
631,5,2,2,2,2,3,3,3,3,2,3,5,4,3,3,3,3,3,3,3,3,3,Khao sat that
632,5,1,2,2,2,3,3,3,3,3,2,5,3,3,3,3,3,3,3,3,3,2,Khao sat that
633,5,2,2,2,2,3,3,3,3,2,3,3,5,3,3,3,4,4,4,4,2,2,Khao sat that
634,5,2,2,2,2,3,3,3,3,2,3,3,4,3,3,3,4,4,4,4,2,2,Khao sat that
635,5,2,2,2,2,3,3,3,3,2,3,3,3,3,3,4,4,4,4,4,2,2,Khao sat that
636,5,1,2,2,2,6,6,4,4,3,5,2,3,5,5,5,5,5,5,5,5,5,Khao sat that
637,5,1,1,2,2,5,5,3,2,4,3,3,4,3,3,3,3,3,3,3,3,3,Khao sat that
638,5,1,2,2,2,6,6,4,4,5,5,3,3,5,5,5,5,5,5,5,5,5,Khao sat that
639,5,2,2,2,2,6,6,4,4,5,4,2,3,5,5,5,5,5,5,5,5,3,Khao sat that
640,5,2,2,2,2,6,6,4,4,5,5,2,4,5,5,4,5,5,5,4,4,5,Khao sat that
641,5,2,2,2,2,5,5,3,3,3,2,5,3,5,3,4,5,5,5,5,5,4,Khao sat that
642,5,1,1,2,2,5,4,3,2,2,2,4,4,3,3,3,4,5,5,5,4,3,Khao sat that
643,5,2,2,2,2,5,4,3,3,1,3,5,4,3,4,4,4,5,5,4,4,4,Khao sat that
644,5,2,1,2,2,5,5,3,4,3,4,2,3,3,3,3,3,3,3,3,3,3,Khao sat that
645,5,2,1,2,2,4,5,3,3,4,3,3,3,3,3,3,5,5,5,4,3,3,Khao sat that
646,5,2,1,2,2,5,5,4,3,4,5,3,4,4,4,4,4,4,5,4,3,3,Khao sat that
647,5,2,1,2,2,5,5,4,3,4,2,5,5,3,3,3,3,5,5,4,3,3,Khao sat that
648,5,2,2,2,2,4,4,3,3,2,3,5,3,3,3,3,4,4,5,4,3,4,Khao sat that
649,5,2,1,2,2,5,5,3,3,2,2,5,3,5,4,5,5,5,5,4,5,5,Khao sat that
650,5,2,2,2,2,5,5,3,3,3,2,3,4,5,3,4,5,5,5,5,5,4,Khao sat that
651,5,2,1,2,2,5,5,3,4,3,2,5,3,3,3,4,5,5,5,4,3,4,Khao sat that
652,5,2,2,2,2,3,3,3,3,2,3,5,3,3,3,5,4,4,4,4,3,4,Khao sat that
653,5,2,2,2,2,3,3,1,2,3,3,5,4,4,3,5,4,5,5,4,3,3,Khao sat that
654,5,2,2,2,2,3,2,2,1,1,2,5,4,4,4,4,4,5,5,5,4,4,Khao sat that
655,5,2,1,2,2,5,3,3,2,2,2,5,2,3,4,4,4,4,5,4,3,3,Khao sat that
656,5,2,2,2,2,4,4,3,2,1,1,5,3,1,4,5,5,5,5,5,4,4,Khao sat that
657,5,2,2,2,2,5,5,3,3,1,2,5,3,5,5,5,5,5,5,5,5,3,Khao sat that
658,5,2,1,2,2,5,5,3,3,1,2,5,3,3,3,4,4,5,5,4,3,3,Khao sat that
659,5,2,2,2,2,4,3,3,1,1,3,5,4,3,4,4,4,4,5,4,3,3,Khao sat that
660,5,2,2,2,2,5,3,3,2,2,2,5,3,3,4,4,4,4,5,4,3,3,Khao sat that
661,5,2,2,2,2,4,3,2,1,2,2,5,3,5,5,5,5,5,5,5,4,5,Khao sat that
662,5,2,1,2,2,5,5,3,3,1,2,5,3,3,3,4,4,5,5,4,3,3,Khao sat that
663,5,1,2,2,2,6,6,4,4,1,5,5,4,5,5,5,5,5,5,5,5,5,Khao sat that
664,5,2,2,2,2,6,6,4,4,5,5,3,4,1,5,5,5,5,5,5,5,3,Khao sat that
665,5,1,2,2,2,4,3,3,2,2,3,5,5,4,5,4,4,5,5,4,3,4,Khao sat that
666,5,1,2,2,2,5,4,3,2,1,5,5,4,5,5,5,5,5,5,5,5,4,Khao sat that
667,5,2,1,2,2,3,3,2,2,2,5,5,4,5,5,5,5,5,5,5,5,5,Khao sat that
668,5,1,1,2,2,5,4,3,2,2,2,4,4,3,3,3,4,5,5,5,4,3,Khao sat that
669,5,1,2,2,2,6,6,4,4,2,5,3,3,5,5,5,5,5,5,5,5,5,Khao sat that
670,5,2,1,2,2,6,6,4,4,2,5,3,4,5,5,5,5,5,5,5,5,5,Khao sat that
671,5,2,2,2,2,6,6,4,4,5,5,3,4,1,5,5,5,5,5,5,5,5,Khao sat that
672,5,1,2,2,2,5,4,3,2,2,5,5,3,5,5,5,5,5,5,5,5,5,Khao sat that
673,5,2,2,2,2,6,6,4,4,2,5,3,3,1,5,5,5,5,5,5,5,5,Khao sat that
674,5,2,2,2,2,5,5,4,4,3,4,5,4,5,5,5,5,5,5,5,5,5,Khao sat that
675,5,2,2,2,2,5,5,4,4,3,4,4,3,5,5,5,5,5,5,5,5,5,Khao sat that
676,5,2,2,2,2,5,5,4,4,3,4,5,3,5,5,5,5,5,5,5,5,5,Khao sat that
677,5,2,2,2,2,5,5,4,4,3,4,5,3,5,5,5,5,5,5,5,5,5,Khao sat that
678,5,2,2,2,2,5,5,4,4,3,4,5,4,5,5,5,5,5,5,5,5,5,Khao sat that
679,5,2,2,2,2,5,5,4,4,3,4,5,4,5,5,5,5,5,5,5,5,5,Khao sat that
680,5,2,1,2,2,5,5,1,2,4,3,5,4,4,3,3,3,5,3,3,3,3,Khao sat that
681,5,2,1,2,2,5,5,2,2,2,3,5,3,3,3,3,4,4,4,3,4,3,Khao sat that
682,5,2,1,2,2,5,3,2,1,3,3,5,3,3,3,3,3,3,3,3,3,3,Khao sat that
683,5,1,1,2,2,5,3,3,3,3,3,5,4,1,3,3,4,3,4,3,4,3,Khao sat that
684,5,2,1,2,2,1,1,1,1,2,3,5,3,2,3,3,3,4,4,3,3,3,Khao sat that
685,5,1,1,2,2,3,3,1,3,2,3,5,3,3,3,3,3,5,4,3,3,3,Khao sat that
686,5,2,2,2,2,5,6,1,3,2,3,5,4,5,4,5,5,5,5,4,4,4,Khao sat that
687,5,2,1,2,2,5,5,3,3,5,5,5,4,5,5,5,5,5,5,5,3,3,Khao sat that
688,5,2,1,2,2,2,3,2,3,2,3,5,4,2,3,3,3,5,4,3,3,3,Khao sat that
689,5,2,2,2,2,5,6,1,1,1,4,5,4,1,5,5,5,5,5,5,5,5,Khao sat that
690,5,2,1,2,2,5,5,3,3,4,2,5,3,5,5,5,5,5,5,5,4,3,Khao sat that
691,5,2,1,2,2,5,5,3,3,4,5,4,3,5,5,5,5,5,5,5,2,4,Khao sat that
692,5,2,2,2,2,5,1,1,1,2,4,5,3,5,5,5,5,5,5,5,5,5,Khao sat that
693,5,2,2,2,2,5,5,4,4,3,4,5,4,5,5,5,5,5,5,5,5,5,Khao sat that
694,5,1,2,2,2,5,5,4,4,2,5,5,3,5,5,5,5,5,5,5,5,5,Khao sat that
695,5,1,2,2,2,3,3,3,3,2,3,5,3,4,4,4,4,4,4,4,4,4,Khao sat that
696,5,1,2,2,2,1,1,3,3,3,3,5,4,4,4,4,4,4,4,4,4,4,Khao sat that
697,5,2,1,2,2,2,2,2,2,3,4,5,3,4,4,4,4,5,4,4,4,4,Khao sat that
698,5,2,2,2,2,3,3,3,3,3,2,5,3,4,4,4,4,4,4,4,4,4,Khao sat that
699,5,1,1,2,1,1,1,3,3,4,4,5,3,4,4,4,4,4,4,4,4,4,Khao sat that
700,5,2,1,2,1,3,6,4,4,3,3,4,4,4,4,4,4,4,4,4,4,4,Khao sat that
701,5,1,2,2,2,2,2,3,3,3,4,4,3,4,4,4,4,4,4,4,4,4,Khao sat that
702,5,1,2,2,2,5,5,1,1,2,3,4,4,5,5,5,5,5,5,5,5,5,Khao sat that
703,5,1,2,2,2,5,5,1,1,2,3,5,4,5,5,5,5,5,5,5,5,5,Khao sat that
704,5,1,2,2,2,5,5,1,1,2,3,4,4,5,5,5,5,5,5,5,5,5,Khao sat that
705,5,1,2,2,2,5,5,1,1,3,4,5,3,5,5,5,5,5,5,5,3,4,Khao sat that
706,5,2,2,2,2,5,5,4,4,3,4,5,3,5,5,5,5,5,5,5,5,5,Khao sat that
707,5,1,2,2,2,5,5,1,1,2,3,4,4,5,5,5,5,5,5,5,5,5,Khao sat that
708,5,2,2,2,2,5,5,1,1,2,3,4,4,5,5,5,5,5,5,5,5,5,Khao sat that
709,5,2,2,2,2,5,5,1,1,2,3,5,4,5,5,5,5,5,5,5,5,5,Khao sat that
710,5,1,2,2,2,5,5,1,1,2,3,5,4,5,5,5,5,5,5,5,5,5,Khao sat that
711,5,2,2,2,2,4,4,2,2,3,5,5,3,5,5,5,5,5,5,5,5,5,Khao sat that
712,5,2,2,2,2,5,5,2,2,2,4,5,3,5,5,5,5,5,5,5,5,5,Khao sat that
713,5,2,2,2,2,3,3,2,1,4,4,5,3,2,3,4,4,4,4,3,4,5,Khao sat that
714,5,1,1,2,2,1,5,5,4,4,4,5,3,5,5,5,5,5,5,5,5,5,Khao sat that
715,5,2,1,1,2,2,2,3,3,4,3,5,1,3,3,3,4,4,5,5,4,5,Khao sat that
716,5,2,2,2,2,5,5,1,2,3,3,5,4,4,5,4,5,4,5,4,4,5,Khao sat that
717,5,2,2,2,2,5,5,4,2,3,4,5,1,5,5,5,5,5,5,5,5,5,Khao sat that
718,5,2,2,2,2,3,3,2,1,4,3,5,5,5,5,5,5,3,5,4,5,5,Khao sat that
719,5,1,2,2,2,3,3,1,4,3,4,5,4,4,4,3,5,4,4,3,4,4,Khao sat that
720,5,1,1,2,2,2,3,3,4,3,5,5,1,3,2,3,4,3,5,3,3,5,Khao sat that
721,5,2,2,2,2,2,1,3,2,5,3,4,3,3,4,5,5,5,5,3,5,5,Khao sat that
722,5,2,2,2,2,2,3,2,2,5,5,4,3,2,3,5,5,4,5,3,5,5,Khao sat that
723,5,1,2,2,2,2,3,3,3,4,5,4,4,4,4,5,5,5,5,4,5,5,Khao sat that
724,5,2,2,2,2,2,3,1,2,3,4,5,4,3,3,5,5,4,5,3,4,5,Khao sat that
725,5,1,1,2,2,1,5,5,5,3,3,5,3,5,5,5,5,5,5,5,5,5,Khao sat that
726,5,2,2,2,2,3,4,3,4,3,4,5,4,4,4,4,4,5,5,3,3,3,Khao sat that
727,5,2,2,2,2,5,5,1,3,2,3,5,3,4,3,3,4,4,4,4,4,4,Khao sat that
728,5,2,2,2,2,5,5,1,3,2,3,5,5,4,3,3,4,4,4,4,4,4,Khao sat that
729,5,2,1,2,1,5,5,3,2,2,2,5,1,4,5,5,5,5,5,5,5,4,Khao sat that
730,5,1,2,2,2,5,5,1,1,2,2,5,4,5,5,4,4,4,4,4,4,4,Khao sat that
731,5,2,1,2,2,1,1,1,1,2,1,2,1,1,2,3,1,1,1,3,3,2,Khao sat that
732,5,1,2,2,2,5,5,1,1,2,2,5,4,4,4,5,5,4,5,5,4,4,Khao sat that
733,5,2,2,2,2,5,5,1,1,2,3,5,4,1,5,5,5,5,5,5,5,5,Khao sat that
734,5,2,2,2,2,5,5,5,1,4,3,5,1,2,5,2,2,2,2,2,2,2,Khao sat that
735,5,1,2,2,2,1,4,1,2,1,3,1,1,1,2,2,2,2,2,2,2,2,Khao sat that
736,5,1,2,2,2,1,4,1,2,1,3,1,4,1,2,2,2,2,2,2,2,2,Khao sat that
737,5,2,2,2,2,4,4,4,3,2,3,5,4,1,5,5,5,5,5,5,5,5,Khao sat that
738,5,1,2,2,2,4,3,1,3,3,4,5,4,3,3,3,3,4,4,3,3,3,Khao sat that
739,5,2,2,2,2,3,3,2,2,4,4,5,4,3,3,3,3,3,3,3,3,3,Khao sat that
740,5,1,1,2,2,5,3,4,3,1,3,5,4,5,5,5,5,5,5,5,5,5,Khao sat that
741,5,2,1,2,2,5,5,4,4,4,3,5,4,5,5,5,5,5,5,5,5,5,Khao sat that
742,5,1,2,2,2,5,5,4,1,3,5,5,1,1,5,5,5,5,5,5,5,5,Khao sat that
743,5,2,2,2,2,5,5,1,1,2,3,5,4,5,5,5,5,5,5,5,5,5,Khao sat that
744,5,2,2,2,2,5,5,1,1,4,5,5,3,1,1,1,1,1,1,1,1,1,Khao sat that
745,5,2,2,2,2,5,4,1,1,2,2,5,4,4,4,5,5,5,5,4,3,3,Khao sat that
746,5,2,2,2,2,5,5,1,1,5,2,5,1,5,4,4,4,4,4,4,4,4,Khao sat that
747,5,2,2,2,2,3,3,3,3,1,2,3,1,3,3,3,3,3,3,3,3,3,Khao sat that
748,5,2,2,2,2,5,4,1,1,1,1,5,4,4,4,4,4,4,5,4,3,3,Khao sat that
749,5,2,2,2,2,4,4,2,2,1,1,1,4,3,3,3,4,4,5,4,4,3,Khao sat that
750,5,2,2,2,2,5,5,1,1,5,5,4,1,4,4,4,4,4,4,4,4,4,Khao sat that
751,5,2,2,2,2,5,5,3,3,2,4,5,4,4,5,5,5,4,5,5,5,5,Khao sat that
752,5,2,2,2,2,5,4,4,1,3,2,3,3,4,3,5,5,5,5,5,5,5,Khao sat that
753,5,2,2,2,2,5,5,3,1,3,2,5,1,5,5,5,5,5,5,5,5,5,Khao sat that
754,5,2,1,2,2,1,1,1,1,1,1,1,3,1,1,1,1,1,1,1,1,1,Khao sat that
755,5,2,2,2,2,5,1,1,1,2,3,5,3,4,4,4,4,4,4,4,4,4,Khao sat that
756,5,2,2,2,2,5,5,1,1,1,1,5,4,4,4,4,4,4,5,4,3,4,Khao sat that
757,5,2,2,2,2,5,1,1,1,5,3,4,1,5,5,4,5,4,4,4,5,5,Khao sat that
758,5,2,1,2,2,5,5,3,3,5,5,5,1,1,1,1,1,1,1,1,1,1,Khao sat that
759,5,2,2,2,2,5,5,1,2,4,5,5,1,3,4,4,5,5,5,5,5,4,Khao sat that
760,5,2,1,2,2,3,3,3,3,2,5,5,4,2,2,2,2,2,2,2,2,2,Khao sat that
761,5,2,1,2,2,2,2,1,2,2,2,5,4,3,4,3,1,4,4,4,5,3,Khao sat that
762,5,2,2,2,2,4,5,1,3,3,2,5,4,1,5,4,4,4,3,2,4,5,Khao sat that
763,5,1,2,2,2,6,6,4,4,2,2,5,3,3,3,3,3,3,5,4,5,5,Khao sat that
764,5,2,1,2,2,6,6,4,3,3,3,4,4,4,4,4,4,4,5,4,3,3,Khao sat that
765,5,2,2,2,2,6,6,4,4,2,5,5,5,3,4,4,3,5,5,4,4,3,Khao sat that
766,5,2,2,2,2,6,6,4,4,2,5,5,4,3,3,3,4,5,5,4,3,3,Khao sat that
767,5,1,2,2,2,6,6,4,4,5,3,5,4,3,3,3,3,4,4,5,4,4,Khao sat that
768,5,2,1,2,2,3,2,4,4,2,4,5,3,3,4,3,3,4,5,4,4,3,Khao sat that
769,5,2,1,2,2,2,1,2,3,2,3,5,3,3,4,3,3,4,3,4,3,3,Khao sat that
770,5,1,1,1,2,3,3,3,3,3,3,5,3,4,3,5,4,4,3,3,3,3,Khao sat that
771,5,2,1,2,2,6,6,1,1,4,3,5,3,3,4,4,4,5,4,5,4,3,Khao sat that
772,5,2,2,2,2,5,5,3,3,2,2,5,3,4,5,5,5,5,5,5,3,3,Khao sat that
773,5,2,2,2,2,6,6,4,4,4,5,5,3,5,5,5,5,5,5,5,5,5,Khao sat that
774,5,2,2,2,2,1,5,5,3,2,2,5,3,3,3,3,3,4,3,5,3,3,Khao sat that
775,5,2,2,2,2,3,3,3,3,3,2,4,4,3,3,3,5,5,4,5,4,4,Khao sat that
776,5,2,2,2,2,5,5,2,2,3,3,4,4,3,3,4,4,4,4,3,3,3,Khao sat that
777,5,1,2,2,2,4,3,2,2,2,2,5,3,3,3,3,4,4,4,4,4,4,Khao sat that
778,5,2,1,2,2,3,2,4,4,2,1,5,3,3,3,4,3,4,5,3,4,3,Khao sat that
779,5,2,2,2,2,1,1,3,3,1,2,5,3,3,3,3,3,3,3,5,3,3,Khao sat that
780,5,2,2,2,2,4,4,1,1,4,2,5,3,4,4,3,4,2,5,3,3,4,Khao sat that
781,5,2,2,2,2,4,4,1,1,3,3,5,4,3,4,4,5,5,4,4,4,5,Khao sat that
782,5,2,2,2,2,3,3,2,2,3,3,5,3,3,3,3,4,3,4,3,3,4,Khao sat that
783,5,2,2,2,2,6,6,4,4,4,2,5,4,3,3,3,3,3,3,3,3,3,Khao sat that
784,5,2,2,2,2,6,6,4,4,4,5,5,3,5,5,5,5,5,5,5,5,5,Khao sat that
785,5,1,1,1,2,3,3,3,3,3,3,5,3,4,3,5,4,4,3,3,3,3,Khao sat that
786,5,2,1,2,2,6,6,4,4,2,4,5,4,3,3,3,4,4,4,4,3,3,Khao sat that
787,5,2,2,2,2,3,3,3,3,3,3,4,4,3,3,3,5,5,4,5,4,4,Khao sat that
788,5,1,2,2,2,5,5,5,4,1,1,5,3,4,1,5,4,4,4,4,4,4,Khao sat that
789,5,2,2,2,2,6,6,4,4,3,2,4,4,3,3,3,4,4,4,4,4,3,Khao sat that
790,5,2,2,2,2,5,5,2,2,3,1,4,4,3,3,4,4,4,4,4,3,3,Khao sat that
791,5,2,2,2,2,6,6,4,4,4,2,5,3,3,3,3,3,3,3,3,3,3,Khao sat that
792,5,2,2,2,2,2,2,3,3,3,3,5,4,4,4,4,4,4,4,4,4,4,Khao sat that
793,5,2,2,2,2,3,3,3,3,3,2,4,3,3,3,3,5,5,4,4,4,4,Khao sat that
794,5,1,2,2,2,4,3,2,2,4,1,5,5,3,3,3,3,3,5,4,3,3,Khao sat that
795,5,2,1,2,2,3,3,2,2,2,2,3,5,5,5,5,5,5,5,5,5,5,Khao sat that
796,5,2,1,2,2,6,6,4,4,4,5,3,1,3,3,3,3,3,3,3,3,3,Khao sat that
797,5,2,2,2,2,5,3,1,1,3,4,5,1,3,3,3,3,3,3,4,2,2,Khao sat that
798,5,1,2,2,2,4,5,4,3,3,2,5,4,4,4,5,5,5,5,5,4,4,Khao sat that
799,5,1,2,2,2,5,3,1,1,3,4,5,1,3,3,3,3,3,3,4,2,2,Khao sat that
800,5,2,2,2,2,6,6,4,4,3,4,4,4,3,3,3,4,4,5,3,3,4,Khao sat that
801,5,2,2,2,2,5,4,2,2,2,3,5,1,5,5,5,5,5,5,5,5,5,Khao sat that
802,5,2,1,2,2,3,4,4,4,4,4,5,5,5,5,2,3,2,3,2,3,2,Khao sat that
803,5,2,2,2,2,5,3,1,1,3,4,5,1,3,3,3,3,3,3,4,2,2,Khao sat that
804,5,2,2,2,2,4,4,4,4,1,2,2,4,2,3,3,3,3,3,3,3,3,Khao sat that
805,5,2,1,2,2,6,6,4,4,3,4,3,3,3,3,3,3,3,3,3,3,3,Khao sat that
806,5,2,2,2,2,4,4,4,4,3,3,5,4,4,4,4,4,4,4,4,4,4,Khao sat that
807,5,2,1,2,2,6,6,4,4,4,5,3,1,3,3,3,3,3,3,3,3,3,Khao sat that
808,5,1,2,2,2,4,5,4,3,3,2,5,4,4,4,5,5,5,5,5,4,4,Khao sat that
809,5,2,1,2,2,6,6,4,4,2,5,3,3,3,3,3,3,3,3,3,3,3,Khao sat that
810,5,2,2,2,2,5,3,1,1,3,4,5,1,3,3,3,3,3,3,4,2,2,Khao sat that
811,5,2,2,2,2,4,4,2,3,2,3,5,1,5,5,5,5,5,5,5,5,5,Khao sat that
812,5,2,1,2,2,3,4,4,4,4,4,5,5,5,5,2,3,2,3,2,3,2,Khao sat that
813,5,2,1,2,2,6,6,4,4,3,4,3,3,3,3,3,3,3,3,3,3,3,Khao sat that
814,5,2,2,2,2,5,5,2,2,2,5,4,2,1,5,5,5,5,5,5,5,5,Khao sat that
815,5,2,2,2,2,5,3,1,1,3,4,5,3,3,3,3,3,3,3,3,4,2,Khao sat that
816,5,2,2,2,2,5,3,1,1,3,4,5,1,3,3,3,3,3,3,3,2,2,Khao sat that
817,5,2,1,2,2,6,6,4,4,4,3,3,3,3,3,3,3,3,3,3,3,3,Khao sat that
818,5,2,2,2,2,5,5,1,1,3,2,3,5,5,5,5,5,5,5,5,5,5,Khao sat that
819,5,2,2,2,2,5,3,1,1,3,4,5,4,3,3,3,3,3,4,4,2,2,Khao sat that
820,5,2,2,2,2,6,4,3,4,1,3,5,3,5,5,5,5,5,5,5,5,5,Khao sat that
821,5,2,2,2,2,5,3,1,1,3,4,5,3,3,3,3,3,3,3,4,2,2,Khao sat that
822,5,2,2,2,2,5,3,1,1,3,4,5,3,3,3,3,3,3,3,4,2,2,Khao sat that
823,5,1,2,2,2,4,3,3,3,4,3,5,1,4,4,4,4,4,4,4,4,4,Khao sat that
824,5,2,2,2,2,6,4,3,4,1,3,5,1,5,5,5,5,5,5,5,5,5,Khao sat that
825,5,1,1,2,2,6,4,4,3,2,3,5,1,5,5,5,5,5,5,5,5,5,Khao sat that
826,5,2,2,2,2,5,3,1,1,3,4,5,4,3,3,3,3,3,3,4,2,2,Khao sat that
827,5,2,1,2,2,3,4,4,4,4,4,5,5,5,5,2,3,2,3,2,3,2,Khao sat that
828,5,1,1,2,2,6,6,4,4,2,3,3,3,3,3,3,3,3,3,3,3,3,Khao sat that
829,5,2,1,2,2,3,4,4,4,4,4,5,5,5,5,2,3,2,3,2,3,2,Khao sat that
830,5,2,1,2,2,6,6,4,4,3,4,3,3,3,3,3,3,3,3,3,3,3,Khao sat that
831,5,2,2,2,2,6,6,4,4,3,4,4,4,3,3,3,4,4,5,3,3,4,Khao sat that
832,5,2,2,2,2,4,4,2,3,2,3,5,1,5,5,5,5,5,5,5,5,5,Khao sat that
833,5,2,2,2,2,5,3,1,1,3,4,5,1,3,3,3,3,3,3,4,2,2,Khao sat that
834,5,2,1,2,1,2,2,3,3,1,5,5,1,4,4,4,4,4,5,4,4,4,Khao sat that
835,5,2,2,2,2,6,6,4,4,3,3,3,3,3,3,3,4,3,4,3,3,2,Khao sat that
836,5,2,2,2,2,5,3,1,1,3,4,5,4,3,3,3,3,3,4,2,2,1,Khao sat that
837,5,2,1,2,1,2,2,3,3,1,5,5,1,4,4,4,4,4,5,4,4,4,Khao sat that
838,5,2,2,2,2,5,3,1,1,3,4,5,4,3,3,3,3,3,4,4,2,2,Khao sat that
839,5,2,2,2,2,5,5,1,1,3,2,3,5,5,5,5,5,5,5,5,5,5,Khao sat that
840,5,2,2,2,2,5,3,1,1,3,4,5,4,3,3,3,3,3,3,4,2,2,Khao sat that
841,5,2,2,2,2,4,4,4,4,2,3,2,1,3,3,3,3,3,3,3,3,3,Khao sat that
842,5,1,2,2,2,5,5,5,4,1,1,1,3,3,3,3,3,3,3,3,3,3,Khao sat that
843,5,2,2,2,2,5,3,1,1,3,4,5,1,3,3,3,3,3,3,4,2,2,Khao sat that
844,5,2,2,2,2,5,5,2,2,2,5,4,4,1,5,5,5,5,5,5,5,5,Khao sat that
845,5,2,1,2,2,6,6,4,4,4,5,3,1,3,3,3,3,3,3,3,3,3,Khao sat that
846,5,2,2,2,2,5,3,1,1,3,4,5,3,3,3,3,3,3,3,4,2,2,Khao sat that
847,5,2,1,2,2,6,6,4,4,3,4,3,3,3,3,3,3,3,3,3,3,3,Khao sat that
848,5,2,1,2,2,3,3,2,2,2,2,3,5,5,5,5,5,5,5,5,5,5,Khao sat that
849,5,2,2,2,2,3,4,2,3,2,3,5,1,4,4,4,4,4,4,4,4,4,Khao sat that
850,5,2,2,2,2,5,5,2,2,2,5,4,4,1,5,5,5,5,5,5,5,5,Khao sat that
851,5,1,1,2,2,6,4,4,3,2,3,5,1,5,5,5,5,5,5,5,5,5,Khao sat that
852,5,2,2,2,2,6,6,4,4,3,3,3,3,3,3,3,4,3,4,3,3,2,Khao sat that
853,5,2,2,2,2,6,6,4,4,3,4,4,4,3,3,3,4,4,5,3,3,4,Khao sat that
854,5,2,2,2,2,5,3,1,1,3,4,5,1,3,3,3,3,3,3,4,2,2,Khao sat that
855,5,2,2,2,2,6,6,4,4,2,5,2,3,3,3,3,4,4,4,4,4,4,Khao sat that
856,5,2,2,2,2,5,5,2,2,2,5,4,4,1,5,5,5,5,5,5,5,5,Khao sat that
857,5,2,1,2,2,6,6,4,4,1,2,2,4,3,4,2,3,4,4,4,4,5,Khao sat that
858,5,2,1,2,2,6,6,4,4,1,2,2,4,3,4,2,3,4,4,4,4,5,Khao sat that
859,5,2,2,2,2,5,3,1,1,3,4,5,1,3,3,3,3,3,3,4,2,2,Khao sat that
860,5,2,2,2,2,5,3,1,1,3,4,5,1,3,3,3,3,3,3,4,2,2,Khao sat that
861,5,2,1,2,2,6,6,4,4,4,3,3,3,3,3,3,3,3,3,3,3,3,Khao sat that
862,5,2,2,2,2,3,4,2,3,2,3,5,1,4,4,4,4,4,4,4,4,4,Khao sat that
863,5,2,2,2,2,5,3,1,1,3,4,5,4,3,3,3,3,3,4,2,2,1,Khao sat that
864,5,2,2,2,2,6,6,4,4,2,5,2,3,3,3,3,4,4,4,4,4,4,Khao sat that
865,5,1,1,2,2,6,6,4,4,2,3,3,3,3,3,3,3,3,3,3,3,3,Khao sat that
866,5,2,2,2,2,5,5,3,2,2,3,5,1,4,4,4,4,4,4,4,4,4,Khao sat that
867,5,2,2,2,2,4,4,4,4,1,2,2,4,2,3,3,3,3,3,3,3,3,Khao sat that
868,5,1,2,2,2,5,3,1,1,3,4,5,1,3,3,3,3,3,3,4,2,2,Khao sat that
869,5,2,2,2,2,5,3,1,1,3,4,5,3,3,3,3,3,3,3,4,2,2,Khao sat that
870,5,1,2,2,2,5,5,1,2,2,4,5,1,4,3,4,4,4,4,4,4,3,Khao sat that
871,5,2,2,2,2,5,3,1,1,3,4,5,3,3,3,3,3,3,4,2,2,1,Khao sat that
872,5,2,2,2,2,5,4,2,2,3,2,5,2,3,3,3,5,4,5,5,4,4,Khao sat that
873,5,2,1,2,2,3,4,1,2,4,5,5,2,2,3,4,4,4,4,4,4,4,Khao sat that
874,5,1,2,2,2,1,1,4,2,2,5,4,3,3,4,4,2,4,4,2,5,4,Khao sat that
875,5,2,2,2,2,2,3,3,4,4,5,5,1,2,4,3,3,3,4,4,4,3,Khao sat that
876,5,2,2,2,2,1,1,1,2,3,5,4,2,3,3,3,4,4,4,2,2,4,Khao sat that
877,5,2,1,2,2,3,4,2,2,2,5,4,2,3,3,2,4,4,4,5,3,3,Khao sat that
878,5,2,1,2,2,3,4,4,4,3,5,4,1,3,2,4,4,5,1,4,5,4,Khao sat that
879,5,2,2,2,2,2,2,2,2,1,3,5,2,3,2,4,4,4,2,2,4,5,Khao sat that
880,5,2,2,2,2,3,4,4,1,3,2,2,2,2,3,4,4,1,5,4,4,4,Khao sat that
881,5,2,1,2,2,5,5,4,4,4,4,4,1,3,4,3,3,5,5,4,2,5,Khao sat that
882,5,2,2,2,2,5,4,4,1,2,4,5,2,2,3,4,5,3,4,4,4,4,Khao sat that
883,5,2,2,2,2,2,2,1,2,3,2,4,2,2,4,3,5,4,4,4,4,3,Khao sat that
884,5,2,1,2,2,4,2,2,2,2,5,5,2,2,3,3,4,4,5,5,5,3,Khao sat that
885,5,2,1,2,2,5,4,2,1,3,5,5,2,2,3,3,4,4,3,5,4,4,Khao sat that
886,5,1,2,2,2,2,2,2,4,1,5,4,3,2,4,2,2,5,4,4,4,3,Khao sat that
887,5,2,1,2,2,5,2,5,4,3,4,4,2,2,3,2,4,3,4,4,4,5,Khao sat that
888,5,2,2,2,2,2,2,4,4,4,5,3,1,3,3,3,4,4,5,5,5,4,Khao sat that
889,5,1,2,2,2,4,4,3,2,4,5,5,1,3,3,3,4,5,5,5,4,3,Khao sat that
890,5,2,2,2,2,3,3,2,2,3,5,5,1,3,3,5,4,5,4,5,4,5,Khao sat that
891,5,1,1,2,2,3,2,2,2,3,5,5,2,3,2,4,2,4,4,4,4,4,Khao sat that
892,5,2,2,2,2,5,1,1,2,3,5,3,3,2,4,4,4,4,4,5,4,3,Khao sat that
893,5,2,2,2,2,4,4,3,4,2,5,3,2,2,2,4,5,5,2,4,5,4,Khao sat that
894,5,2,1,2,2,3,2,2,4,3,3,2,2,3,3,4,4,4,5,4,4,4,Khao sat that
895,5,2,1,2,2,5,5,4,2,3,2,4,2,3,2,3,4,4,5,5,5,4,Khao sat that
896,5,2,2,2,2,1,3,5,5,3,2,4,2,2,2,4,5,3,4,4,3,3,Khao sat that
897,5,2,2,2,2,2,2,2,5,3,4,5,1,3,3,4,4,4,4,5,4,3,Khao sat that
898,5,2,2,2,2,4,2,2,2,2,3,4,1,2,3,4,4,4,4,4,4,3,Khao sat that
899,5,1,2,2,2,3,2,2,4,4,5,5,2,3,2,4,3,4,4,5,4,5,Khao sat that
900,5,2,1,2,2,3,4,5,4,3,4,5,3,3,4,4,4,4,5,4,4,3,Khao sat that
901,5,2,1,2,2,3,2,1,2,2,2,5,1,2,3,5,5,4,5,2,4,4,Khao sat that
902,5,1,2,2,2,3,4,4,3,3,5,4,1,3,3,2,5,4,4,4,4,5,Khao sat that
903,5,2,1,2,2,5,4,4,2,3,5,5,2,3,3,2,4,5,4,3,5,3,Khao sat that
904,5,2,1,2,2,3,2,2,5,3,5,5,2,3,4,5,4,4,4,4,4,4,Khao sat that
905,5,2,2,2,2,3,2,1,4,3,5,4,2,2,3,4,5,5,5,4,2,3,Khao sat that
906,5,1,1,2,2,4,2,2,5,3,5,5,2,3,3,4,4,4,4,5,4,3,Khao sat that
907,5,2,2,2,2,2,4,2,5,3,5,5,1,3,4,2,2,4,4,4,4,4,Khao sat that
908,5,2,1,2,2,5,2,3,1,3,2,4,3,2,4,4,3,5,5,4,4,4,Khao sat that
909,5,2,2,2,2,1,2,2,1,4,5,5,2,3,3,5,3,4,5,4,4,5,Khao sat that
910,5,2,1,2,2,1,2,4,1,3,5,5,3,2,3,3,5,4,4,4,4,5,Khao sat that
911,5,2,1,2,2,5,1,1,1,2,5,5,3,3,4,5,5,4,4,4,4,4,Khao sat that
912,5,2,1,2,2,2,1,4,2,3,5,4,3,2,4,5,4,4,4,5,4,3,Khao sat that
913,5,2,1,2,2,4,2,4,2,3,5,3,3,3,4,3,3,5,5,4,4,5,Khao sat that
914,5,2,2,2,2,1,4,2,1,3,5,4,3,3,3,3,3,4,4,4,5,2,Khao sat that
915,5,2,2,2,2,4,1,4,2,3,2,5,3,3,2,4,4,5,5,5,5,4,Khao sat that
916,5,2,1,2,2,4,1,1,4,1,5,4,3,2,3,4,5,3,3,4,5,5,Khao sat that
917,5,2,1,2,2,1,2,1,4,4,3,5,3,3,2,4,4,2,5,4,4,2,Khao sat that
918,5,2,2,2,2,3,5,5,2,3,2,4,2,3,3,4,3,3,4,4,2,2,Khao sat that
919,5,2,1,2,2,3,1,1,4,1,4,5,2,3,3,4,4,4,5,4,5,5,Khao sat that
920,5,2,2,2,2,5,1,4,4,4,5,4,3,3,3,5,4,5,5,4,4,4,Khao sat that
921,5,2,1,2,2,3,4,2,3,3,5,2,3,2,3,3,4,4,4,5,5,2,Khao sat that
922,5,2,1,2,2,3,2,4,1,3,5,2,3,3,2,3,5,5,4,2,4,3,Khao sat that
923,5,1,1,2,2,3,3,2,5,2,5,5,3,3,4,4,4,4,4,5,4,4,Khao sat that
924,5,2,1,2,2,2,4,4,4,3,4,5,3,3,4,3,2,5,4,5,4,5,Khao sat that
925,5,2,1,2,2,2,1,1,4,3,3,4,3,3,3,4,4,3,2,4,5,5,Khao sat that
926,5,2,2,2,2,3,4,4,3,2,5,5,3,3,2,3,4,4,4,2,4,4,Khao sat that
927,5,2,1,2,2,4,3,2,4,1,2,4,3,3,3,5,2,4,4,3,4,4,Khao sat that
928,5,2,2,2,2,2,2,5,2,1,5,5,3,2,3,3,4,5,3,5,4,4,Khao sat that
929,5,1,1,2,1,2,2,2,1,3,5,3,3,2,3,3,4,3,3,3,4,3,Khao sat that
930,5,2,1,2,2,1,2,2,1,2,2,5,2,3,2,4,4,4,4,4,4,5,Khao sat that
931,5,2,2,2,2,3,2,2,1,3,5,2,1,3,3,3,3,5,4,4,4,3,Khao sat that
932,5,2,2,2,2,3,4,2,2,4,5,3,1,3,4,3,5,5,4,5,5,4,Khao sat that
933,5,2,1,2,2,1,3,4,2,1,5,3,2,3,3,5,3,3,4,5,5,5,Khao sat that
934,5,2,1,2,2,3,1,3,2,3,4,4,3,3,3,3,3,5,4,4,4,4,Khao sat that
935,5,2,1,2,2,2,1,2,1,5,5,4,3,3,3,4,4,4,5,4,5,4,Khao sat that
936,5,2,2,2,2,2,3,1,2,2,2,2,3,2,4,4,4,3,2,2,5,3,Khao sat that
937,5,2,2,2,2,3,4,2,1,2,2,4,3,3,3,3,5,3,3,4,3,3,Khao sat that
938,5,2,2,2,2,4,3,2,4,2,4,5,3,2,3,5,5,3,4,4,4,3,Khao sat that
939,5,2,1,2,2,5,1,1,2,4,4,2,3,3,3,3,4,2,3,4,5,2,Khao sat that
940,5,2,2,2,2,4,2,3,2,1,5,4,3,2,3,2,2,5,4,5,4,4,Khao sat that
941,5,2,1,2,2,4,2,3,4,3,5,5,3,2,2,4,4,4,4,4,5,3,Khao sat that
942,5,2,2,2,2,3,4,1,2,1,5,5,3,3,3,3,3,4,4,2,4,5,Khao sat that
943,5,2,2,2,2,5,2,2,4,1,2,5,3,3,3,5,5,4,4,4,5,4,Khao sat that
944,5,2,2,2,2,3,2,1,2,3,5,5,3,3,3,5,5,5,4,5,2,4,Khao sat that
945,5,2,2,2,2,1,3,2,4,1,3,3,3,3,2,4,4,5,4,2,4,5,Khao sat that
946,5,2,1,2,2,1,2,2,1,4,5,5,3,3,3,3,4,5,4,3,4,5,Khao sat that
947,5,2,2,2,2,1,2,4,2,1,2,5,3,3,3,5,4,5,4,5,4,3,Khao sat that
948,5,1,1,2,2,2,2,2,2,3,5,4,2,3,2,4,2,5,5,4,4,3,Khao sat that
949,5,2,1,2,2,3,1,1,1,4,5,4,2,2,3,4,5,5,4,4,4,4,Khao sat that
950,5,1,1,2,2,5,2,4,3,2,5,5,3,3,3,5,4,4,4,4,4,4,Khao sat that
951,5,2,1,2,2,3,5,5,2,3,5,4,3,2,2,4,4,5,5,4,4,4,Khao sat that
952,5,2,1,2,2,4,4,4,4,1,5,4,2,2,3,3,3,3,4,5,4,5,Khao sat that
953,5,2,1,2,2,2,2,2,1,3,4,2,2,2,2,4,4,4,3,5,4,4,Khao sat that
954,5,2,1,2,2,2,2,1,2,2,5,5,3,2,2,2,4,4,5,4,4,4,Khao sat that
955,5,2,2,2,2,1,4,1,2,1,5,3,3,3,2,4,4,4,4,4,4,5,Khao sat that
956,5,2,2,2,2,3,4,1,2,3,5,4,3,3,3,5,4,5,4,4,4,5,Khao sat that
957,5,1,2,2,2,2,1,4,3,2,3,2,3,3,2,5,5,4,5,3,2,5,Khao sat that
958,5,2,2,2,2,2,3,2,2,3,4,5,3,2,3,3,4,4,4,4,4,4,Khao sat that
959,5,2,1,2,2,5,5,4,2,2,5,4,3,2,2,5,4,4,5,4,3,4,Khao sat that
960,5,2,2,2,2,3,1,1,2,3,5,4,2,3,2,5,4,4,4,4,4,3,Khao sat that
961,5,2,1,2,2,2,1,2,3,2,2,5,2,3,3,4,4,5,4,4,4,4,Khao sat that
962,5,1,2,2,2,5,1,2,1,3,5,5,3,3,3,4,5,4,4,5,4,5,Khao sat that
963,5,2,2,2,2,3,4,1,4,1,5,4,3,3,5,4,5,4,4,4,5,3,Khao sat that
964,5,2,1,2,2,3,4,2,2,2,3,5,2,3,4,5,4,4,2,4,4,5,Khao sat that
965,5,2,2,2,2,3,2,2,5,3,3,4,3,2,3,2,4,4,4,4,2,3,Khao sat that
966,5,2,2,2,2,4,2,2,2,2,5,4,3,2,3,4,4,4,4,5,4,4,Khao sat that
967,5,2,1,2,2,5,1,2,4,3,4,4,2,3,2,5,4,4,4,4,4,4,Khao sat that
968,5,2,2,2,2,4,5,2,3,3,5,3,2,3,3,3,4,5,5,4,4,4,Khao sat that
969,5,1,2,2,2,3,2,3,4,3,4,4,3,2,4,3,2,4,4,4,4,4,Khao sat that
970,5,1,1,2,2,2,2,2,2,2,2,1,3,2,3,4,3,3,5,4,3,3,Khao sat that
971,4,1,2,2,2,4,2,3,3,5,5,5,4,2,1,3,5,2,4,3,1,5,Khao sat that
972,4,1,2,2,2,5,4,2,2,3,5,2,2,3,1,3,5,2,5,3,1,4,Khao sat that
973,4,2,2,2,2,3,4,2,2,5,5,2,2,3,1,3,5,2,5,3,3,4,Khao sat that
974,4,2,2,2,2,2,2,3,4,3,4,4,4,3,3,3,5,2,5,4,4,3,Khao sat that
975,4,2,2,2,2,2,2,1,4,4,5,4,4,4,3,2,5,2,5,5,5,5,Khao sat that
976,4,2,1,2,1,1,4,2,2,3,5,3,5,3,3,1,5,2,5,5,5,5,Khao sat that
977,4,2,1,2,1,3,1,3,2,3,5,5,4,2,2,2,5,1,5,5,5,4,Khao sat that
978,4,2,2,2,2,3,2,2,4,3,5,5,4,3,1,1,5,1,5,4,4,3,Khao sat that
979,4,1,1,1,2,2,3,3,2,1,5,4,5,3,3,1,5,2,5,3,3,3,Khao sat that
980,4,2,1,2,1,3,2,3,1,4,5,5,5,5,3,1,4,2,5,3,3,3,Khao sat that
981,4,2,2,2,2,5,2,1,4,3,3,4,3,3,3,1,4,2,5,3,3,3,Khao sat that
982,4,1,2,2,2,5,1,1,1,4,5,5,4,4,3,4,5,2,5,3,3,4,Khao sat that
983,4,2,2,2,2,2,2,2,2,4,5,5,3,3,2,1,5,2,5,4,4,3,Khao sat that
984,4,1,2,2,2,4,5,2,2,1,2,4,3,2,3,5,5,2,5,3,3,5,Khao sat that
985,4,2,1,2,2,5,2,1,1,1,5,5,3,2,3,1,5,2,4,5,5,5,Khao sat that
986,4,2,2,2,2,2,4,4,4,3,2,4,3,3,2,3,5,2,5,5,5,5,Khao sat that
987,4,2,2,2,2,5,4,2,4,3,5,5,3,4,2,1,5,2,5,5,5,4,Khao sat that
988,4,1,2,2,2,2,2,4,4,4,5,3,3,5,1,3,5,1,5,4,4,3,Khao sat that
989,4,2,1,2,2,4,4,2,2,2,3,4,4,2,2,3,5,2,5,3,3,3,Khao sat that
990,4,2,2,2,2,3,3,4,2,1,4,4,3,3,3,2,5,1,5,3,3,3,Khao sat that
991,4,2,2,2,2,3,5,1,2,3,5,4,3,3,3,5,5,2,5,3,3,3,Khao sat that
992,4,2,2,2,2,5,2,2,2,3,5,5,3,3,1,1,5,2,4,3,3,4,Khao sat that
993,4,2,2,2,2,3,2,2,4,3,5,5,3,4,3,3,5,2,5,3,3,5,Khao sat that
994,4,2,1,2,2,5,1,2,2,2,5,5,4,3,1,2,5,2,5,5,5,5,Khao sat that
995,4,2,2,2,2,1,2,1,5,1,4,5,2,2,2,1,5,2,5,5,5,5,Khao sat that
996,4,2,2,2,2,2,4,2,5,3,2,5,4,3,3,3,3,4,5,5,5,4,Khao sat that
997,4,2,2,2,2,4,3,5,2,3,2,4,4,3,3,1,5,2,5,4,4,3,Khao sat that
998,4,1,1,2,2,3,2,2,4,1,2,5,3,3,2,3,5,2,5,3,3,5,Khao sat that
999,4,2,2,2,2,4,2,4,1,1,2,5,3,3,2,1,4,2,4,3,5,4,Khao sat that
1000,4,2,1,2,2,3,1,4,4,2,5,5,3,4,3,1,5,2,4,3,4,3,Khao sat that
1001,4,2,2,2,2,3,4,2,2,5,5,4,5,3,2,1,5,1,5,3,3,3,Khao sat that
1002,4,2,2,2,2,4,2,4,2,3,3,4,4,5,3,2,5,2,5,4,3,3,Khao sat that
1003,4,2,2,2,2,3,1,3,3,1,5,2,4,2,3,3,5,2,5,3,3,3,Khao sat that
1004,4,2,2,2,2,3,2,5,2,1,5,5,4,3,3,1,5,2,4,5,3,4,Khao sat that
1005,4,2,2,2,2,5,4,2,2,2,2,5,3,4,2,1,5,2,4,5,4,3,Khao sat that
1006,4,2,2,2,2,3,4,1,5,3,5,5,3,5,3,5,5,2,4,5,3,5,Khao sat that
1007,4,2,1,2,2,3,4,2,4,4,5,5,2,2,3,5,5,2,4,4,5,5,Khao sat that
1008,4,2,2,2,2,4,1,1,5,1,5,4,3,3,3,1,5,2,5,3,5,5,Khao sat that
1009,4,2,1,2,2,2,3,2,5,3,5,3,3,3,3,3,5,2,5,3,5,5,Khao sat that
1010,4,2,2,2,2,1,2,3,1,2,5,3,3,3,2,1,3,2,5,3,3,4,Khao sat that
1011,4,2,2,2,2,1,4,2,1,1,3,3,3,4,2,1,5,2,5,4,3,3,Khao sat that
1012,4,1,2,2,2,5,2,2,1,1,3,5,4,3,2,2,5,2,5,3,3,3,Khao sat that
1013,4,2,2,2,2,2,2,1,2,3,5,4,2,2,3,1,5,2,5,5,3,3,Khao sat that
1014,4,2,2,2,2,4,1,2,2,3,5,4,3,3,2,1,5,2,5,5,3,4,Khao sat that
1015,4,1,1,2,2,1,4,1,1,4,4,2,4,3,3,4,3,2,4,4,5,3,Khao sat that
1016,4,2,1,2,2,4,2,2,2,2,5,5,3,1,1,1,5,1,3,3,5,5,Khao sat that
1017,4,2,2,2,2,4,1,4,4,2,4,5,3,4,3,1,5,3,5,3,5,5,Khao sat that
1018,4,2,1,2,1,1,1,4,4,3,5,5,3,3,3,3,5,2,5,3,4,5,Khao sat that
1019,4,1,1,2,1,3,4,4,2,2,3,2,3,2,2,5,5,2,5,3,3,4,Khao sat that
1020,4,2,1,2,1,3,4,1,4,2,5,5,4,2,1,5,5,2,5,4,3,3,Khao sat that
1021,4,2,2,2,2,5,1,3,4,4,5,5,3,3,1,3,5,2,5,3,3,3,Khao sat that
1022,4,2,2,2,2,3,3,2,1,4,5,4,5,5,3,3,5,2,5,5,4,3,Khao sat that
1023,4,1,2,2,2,2,1,2,3,4,5,3,4,3,2,3,5,2,5,4,5,3,Khao sat that
1024,4,2,2,2,2,2,2,2,4,3,5,2,3,3,3,3,3,2,4,3,5,5,Khao sat that
1025,4,2,2,2,2,2,2,2,5,2,2,4,3,3,3,3,5,2,5,3,5,5,Khao sat that
1026,4,2,2,2,2,2,4,1,4,2,2,2,3,3,1,4,5,2,5,3,4,5,Khao sat that
1027,4,2,2,2,2,3,4,4,3,1,5,4,2,4,3,3,5,2,5,3,3,4,Khao sat that
1028,4,2,2,2,2,4,1,2,4,3,3,4,4,3,3,2,3,3,5,4,3,3,Khao sat that
1029,4,2,2,2,2,2,2,1,2,2,3,3,3,2,2,3,5,3,5,3,3,3,Khao sat that
1030,4,2,1,1,2,3,2,1,2,3,5,4,4,3,3,3,5,2,5,4,5,3,Khao sat that
1031,4,2,2,2,2,1,3,5,1,3,4,5,4,4,1,1,5,3,5,3,5,5,Khao sat that
1032,4,2,2,2,2,1,2,3,2,3,4,4,3,3,2,3,5,2,5,3,5,5,Khao sat that
1033,4,2,2,2,2,3,4,4,2,3,5,3,3,1,1,3,5,2,5,3,4,5,Khao sat that
1034,4,2,2,2,2,2,3,1,1,1,5,4,3,2,3,1,5,2,5,3,3,4,Khao sat that
1035,4,2,2,2,2,2,2,2,2,1,5,4,4,3,2,2,3,2,5,4,3,3,Khao sat that
1036,4,2,1,2,1,3,2,2,1,2,3,5,3,4,2,5,5,2,5,3,3,3,Khao sat that
1037,4,2,2,2,2,4,1,4,4,3,4,5,3,5,2,3,5,2,5,5,3,3,Khao sat that
1038,4,2,2,2,2,4,2,1,2,3,2,4,3,2,2,3,3,2,5,5,3,4,Khao sat that
1039,4,2,2,2,2,4,2,2,4,2,5,4,4,3,2,2,5,2,5,4,5,3,Khao sat that
1040,4,2,1,2,2,3,2,5,2,3,2,4,4,3,2,1,5,3,5,3,5,5,Khao sat that
1041,4,2,2,2,2,5,4,2,4,3,5,4,3,3,3,3,5,2,5,3,5,5,Khao sat that
1042,4,2,2,2,2,3,5,4,2,3,5,5,3,3,2,2,4,2,5,3,4,5,Khao sat that
1043,4,2,2,2,2,1,2,2,4,3,4,4,3,4,2,5,5,2,5,3,3,4,Khao sat that
1044,4,2,2,2,2,1,2,2,1,2,2,5,3,2,3,1,5,2,5,3,3,3,Khao sat that
1045,4,2,1,2,2,1,1,4,2,2,5,5,3,3,2,3,5,2,5,5,3,3,Khao sat that
1046,4,2,1,2,1,1,2,3,4,2,3,5,4,3,3,1,5,2,5,5,4,3,Khao sat that
1047,4,2,1,2,2,3,2,2,3,2,2,1,2,3,3,1,5,2,5,5,3,4,Khao sat that
1048,4,2,2,2,2,2,4,2,2,3,4,2,4,3,2,1,5,2,4,4,5,3,Khao sat that
1049,4,2,2,2,2,3,4,1,1,2,5,5,4,4,2,2,5,2,5,3,5,5,Khao sat that
1050,4,1,1,2,1,5,2,4,3,3,5,2,3,5,2,3,5,2,5,3,5,5,Khao sat that
1051,4,2,1,2,1,3,4,2,2,1,5,4,3,2,2,3,5,2,5,3,4,5,Khao sat that
1052,4,2,2,2,2,4,5,2,4,4,5,5,3,2,3,3,5,2,5,3,3,4,Khao sat that
1053,4,2,2,2,2,2,2,2,1,3,5,5,3,3,1,5,5,2,5,4,3,3,Khao sat that
1054,4,2,1,2,2,1,1,5,2,3,5,4,4,5,3,2,5,2,5,5,3,3,Khao sat that
1055,4,2,2,2,2,3,4,2,2,2,5,5,3,2,3,3,5,3,5,5,4,3,Khao sat that
1056,4,2,2,2,2,2,4,2,3,3,3,2,3,3,2,1,5,2,5,5,3,4,Khao sat that
1057,4,1,2,2,2,3,1,2,4,1,4,5,3,3,3,2,5,2,5,4,5,3,Khao sat that
1058,4,1,1,2,1,2,2,1,2,1,5,3,3,3,2,4,5,2,5,3,5,5,Khao sat that
1059,4,1,2,2,2,5,1,2,2,2,5,4,4,3,3,1,5,2,5,3,5,5,Khao sat that
1060,4,2,2,2,2,3,4,2,2,3,4,5,4,4,3,1,5,2,4,3,4,5,Khao sat that
1061,4,2,1,2,2,2,2,4,3,1,5,4,3,3,2,1,5,2,5,3,3,4,Khao sat that
1062,4,2,2,2,2,5,4,4,1,3,2,5,3,2,2,1,5,2,5,4,3,3,Khao sat that
1063,4,2,2,2,2,3,4,2,2,3,5,5,3,3,1,2,4,2,5,3,3,3,Khao sat that
1064,4,2,1,2,2,3,2,4,4,4,5,4,2,3,3,2,5,2,5,5,3,3,Khao sat that
1065,4,2,1,2,1,3,4,5,2,3,5,4,4,3,2,1,5,3,5,5,4,3,Khao sat that
1066,4,2,2,2,2,3,5,2,5,3,4,5,3,3,3,2,5,2,5,5,3,4,Khao sat that
1067,4,2,1,2,1,4,2,4,2,3,2,2,3,4,3,5,5,2,5,4,5,3,Khao sat that
1068,4,2,1,2,1,5,4,1,4,2,2,5,3,3,3,1,5,2,5,3,5,5,Khao sat that
1069,4,2,2,2,2,4,1,4,3,1,5,3,3,2,3,2,5,2,5,3,5,5,Khao sat that
1070,4,1,2,2,2,3,4,4,4,2,5,4,3,2,2,1,5,2,5,3,4,5,Khao sat that
1071,4,1,2,2,2,2,4,1,2,3,5,4,3,3,2,2,5,2,4,3,3,4,Khao sat that
1072,5,2,2,2,2,4,4,3,3,3,4,5,4,4,4,4,5,3,4,4,4,4,Khao sat that
1073,5,2,2,2,2,4,4,4,3,4,4,5,4,4,4,4,4,4,4,4,4,4,Khao sat that
1074,5,2,2,2,2,3,4,3,3,3,2,5,4,3,4,4,4,4,4,4,4,4,Khao sat that
1075,5,2,2,2,2,4,4,3,3,2,3,5,4,4,4,4,4,4,4,4,4,4,Khao sat that
1076,5,2,2,2,2,4,4,2,3,4,3,5,5,4,4,4,4,4,4,4,4,4,Khao sat that
1077,5,2,2,2,2,3,4,3,3,4,4,5,4,4,4,4,4,4,4,4,4,4,Khao sat that
1078,5,2,2,2,2,3,4,3,3,3,4,5,4,4,4,4,4,4,4,4,4,4,Khao sat that
1079,5,2,2,2,2,3,3,3,3,3,3,5,5,5,5,5,5,5,5,5,5,5,Khao sat that
1080,5,2,2,2,2,4,3,2,2,2,3,5,3,1,5,3,3,3,3,3,3,3,Khao sat that
1081,5,2,2,2,2,3,3,3,3,3,3,5,4,5,5,5,5,5,5,5,5,5,Khao sat that
1082,5,2,2,2,2,3,3,3,3,3,3,5,4,4,4,4,4,4,4,4,4,4,Khao sat that
1083,5,2,2,2,2,3,3,4,4,2,3,5,4,5,5,5,5,5,5,5,4,4,Khao sat that
1084,5,2,2,2,2,3,3,3,3,2,3,5,4,4,4,4,4,4,4,4,4,4,Khao sat that
1085,5,2,2,2,2,4,4,1,2,2,4,5,5,3,3,3,3,4,4,4,3,3,Khao sat that
1086,5,2,2,2,2,3,3,2,3,4,5,5,4,3,3,3,4,4,4,4,4,4,Khao sat that
1087,5,2,2,2,2,3,3,2,3,5,4,5,3,3,3,3,4,4,4,4,3,4,Khao sat that
1088,5,2,2,2,2,3,3,2,3,3,5,5,3,3,3,3,3,3,3,3,3,3,Khao sat that
1089,5,2,2,2,2,3,3,3,3,2,2,5,3,1,1,1,1,1,1,1,1,1,Khao sat that
1090,5,2,2,2,2,5,4,1,2,1,2,5,4,4,4,4,4,4,5,4,4,4,Khao sat that
1091,5,2,2,2,2,3,3,3,3,3,5,5,4,3,3,3,3,3,3,3,3,4,Khao sat that
1092,5,2,2,2,2,5,5,1,1,2,5,5,5,4,4,4,4,1,1,3,4,5,Khao sat that
1093,5,2,1,2,2,1,1,1,1,3,2,5,4,5,4,5,1,2,3,4,5,5,Khao sat that
1094,5,2,1,2,2,5,2,3,4,1,2,5,4,1,3,1,1,2,1,2,3,4,Khao sat that
1095,5,2,2,2,2,4,4,3,2,2,2,5,3,2,2,3,1,2,3,4,1,2,Khao sat that
1096,5,2,1,2,2,5,5,4,4,3,3,5,3,1,1,1,1,2,3,3,4,4,Khao sat that
1097,5,2,1,2,2,6,6,4,4,2,3,5,4,5,4,5,1,5,5,5,5,4,Khao sat that
1098,5,2,2,2,2,4,3,2,2,2,3,5,4,1,5,3,3,3,3,3,3,3,Khao sat that
1099,5,2,2,2,2,5,5,1,1,2,5,5,5,4,4,4,4,1,1,3,4,5,Khao sat that
1100,5,2,2,2,2,5,4,1,2,1,2,5,5,4,4,4,4,4,5,4,4,4,Khao sat that
1101,5,2,2,2,2,4,4,3,3,3,4,5,5,4,4,4,5,3,4,4,4,4,Khao sat that
1102,5,2,1,2,2,3,2,3,3,2,3,5,5,2,3,2,1,3,2,3,2,4,Khao sat that
1103,5,2,2,2,2,3,3,2,3,4,5,5,4,3,3,3,4,4,4,4,4,4,Khao sat that
1104,5,2,1,2,2,2,2,4,4,3,3,5,4,1,1,1,1,1,1,1,1,1,Khao sat that
1105,5,2,2,2,2,5,5,1,1,1,1,5,3,3,3,3,3,3,3,3,3,3,Khao sat that
1106,5,2,2,2,2,4,4,1,1,2,2,5,4,4,4,3,4,4,5,4,3,4,Khao sat that
1107,5,2,1,2,2,5,5,1,1,3,3,5,5,2,2,2,2,2,2,2,2,2,Khao sat that
1108,5,2,1,2,2,5,5,5,2,5,3,5,4,5,5,5,5,5,5,5,5,5,Khao sat that
1109,5,2,2,2,2,5,5,3,3,2,3,4,4,5,4,4,5,5,5,5,5,4,Khao sat that
1110,5,2,2,2,2,5,4,2,3,5,3,5,4,4,4,4,4,4,4,4,3,4,Khao sat that
1111,5,2,2,2,2,3,5,2,1,1,3,5,4,5,4,4,4,3,4,4,3,3,Khao sat that
1112,5,2,2,2,2,5,5,3,3,2,3,4,4,5,4,4,5,5,5,5,5,4,Khao sat that
1113,5,2,2,2,2,5,5,1,1,1,2,5,4,5,4,4,5,5,5,5,4,4,Khao sat that
1114,5,2,2,2,2,3,4,2,2,1,3,5,4,5,5,5,5,5,5,5,5,5,Khao sat that
1115,5,1,2,2,2,5,5,1,1,1,5,5,5,5,5,5,5,5,5,5,5,5,Khao sat that
1116,5,2,2,2,2,5,5,1,1,2,2,5,4,4,4,4,5,5,5,5,4,4,Khao sat that
1117,5,1,2,2,2,5,5,1,1,1,5,5,4,5,5,5,5,5,5,5,5,5,Khao sat that
1118,5,2,2,2,2,5,4,2,3,5,3,5,5,4,4,4,4,4,4,4,3,4,Khao sat that
1119,5,2,2,2,2,5,5,1,1,1,2,4,4,5,4,4,5,5,5,5,4,4,Khao sat that
1120,5,2,2,2,2,4,4,1,1,1,1,5,4,4,4,4,5,5,5,5,3,4,Khao sat that
1121,5,2,2,2,2,4,4,1,1,1,1,5,5,4,4,4,5,5,5,5,3,4,Khao sat that
1122,5,1,2,2,2,5,5,1,1,1,2,5,3,4,3,4,5,5,5,5,4,4,Khao sat that
1123,5,2,2,2,2,3,5,3,1,1,3,5,5,5,4,4,4,3,4,4,3,2,Khao sat that
1124,5,2,2,2,2,5,4,2,3,5,3,5,3,4,4,4,4,4,4,4,3,4,Khao sat that
1125,5,2,2,2,2,3,4,3,3,3,5,4,4,3,4,5,4,5,5,5,5,4,Khao sat that
1126,5,2,2,2,2,5,5,1,1,2,2,5,4,4,4,4,5,5,5,5,4,4,Khao sat that
1127,5,2,2,2,2,5,4,3,3,5,5,4,4,2,4,4,4,5,4,4,4,4,Khao sat that
1128,5,2,2,2,2,5,5,1,1,1,2,4,4,5,4,4,5,5,5,5,4,4,Khao sat that
1129,5,2,2,2,2,5,5,1,2,2,3,4,4,5,4,4,5,5,5,5,5,4,Khao sat that
1130,5,2,2,2,2,5,5,1,1,3,5,5,4,5,5,5,5,5,5,5,5,5,Khao sat that
1131,5,2,2,2,2,5,5,1,1,1,2,4,4,5,4,4,5,5,5,5,4,4,Khao sat that
1132,5,2,2,2,2,5,5,1,1,3,5,5,4,5,5,5,5,5,5,5,5,4,Khao sat that
1133,5,2,2,2,2,5,5,1,1,3,4,4,4,5,5,5,5,5,5,5,5,5,Khao sat that
1134,5,2,2,2,2,3,4,2,2,1,3,5,4,5,5,5,5,5,5,5,5,5,Khao sat that
1135,5,2,2,2,2,3,5,3,1,1,3,5,4,5,4,4,4,3,4,4,3,3,Khao sat that
1136,5,2,2,2,2,3,4,2,2,1,3,5,4,5,5,5,5,5,5,5,5,5,Khao sat that
1137,5,2,2,2,2,5,5,1,1,2,2,5,3,4,4,4,5,5,5,4,4,4,Khao sat that
1138,5,2,1,2,2,5,5,5,2,2,3,5,4,5,5,5,5,5,5,5,5,5,Khao sat that
1139,5,2,2,2,2,3,4,3,3,3,5,5,4,3,4,5,4,5,5,5,5,4,Khao sat that
1140,5,2,2,2,2,5,5,1,1,3,5,5,4,5,5,5,5,5,4,5,5,4,Khao sat that
1141,5,2,2,2,2,5,4,2,3,2,3,5,5,4,4,5,5,4,5,5,4,5,Khao sat that
1142,5,2,2,2,2,5,4,2,3,1,3,5,5,5,5,5,5,5,5,5,5,5,Khao sat that
1143,5,2,2,2,2,5,5,3,3,2,5,5,4,2,4,4,4,2,3,3,3,3,Khao sat that
1144,5,1,2,2,2,5,5,1,1,1,5,5,4,5,5,5,5,5,5,5,5,5,Khao sat that
1145,5,2,2,2,2,3,5,3,1,1,3,5,4,4,4,4,4,4,4,4,3,4,Khao sat that
1146,5,2,2,2,2,5,5,3,3,2,3,5,5,5,4,4,5,5,5,5,5,4,Khao sat that
1147,5,2,2,2,2,5,5,1,1,2,2,5,4,4,4,4,5,5,5,4,4,4,Khao sat that
1148,5,2,2,2,2,3,5,2,1,1,3,5,5,5,4,4,4,3,4,4,3,4,Khao sat that
1149,5,2,1,2,2,5,5,5,2,5,3,5,4,5,5,5,5,5,5,5,5,5,Khao sat that
1150,5,2,2,2,2,5,5,1,1,1,2,5,4,5,4,4,5,5,5,5,4,4,Khao sat that
1151,5,2,2,2,2,5,5,1,1,3,5,5,4,5,5,5,5,5,5,5,5,5,Khao sat that
1152,5,2,2,2,2,5,5,1,1,3,4,5,4,5,5,5,5,5,5,5,5,5,Khao sat that
1153,5,2,2,2,2,5,3,3,2,2,2,5,4,4,4,5,5,5,5,5,3,3,Khao sat that
1154,5,2,1,2,2,5,4,3,2,2,3,5,5,4,4,4,4,4,4,4,4,3,Khao sat that
1155,5,2,1,2,2,2,2,2,2,2,2,1,4,4,4,5,5,4,4,4,5,3,Khao sat that
1156,5,2,1,2,2,2,2,2,2,1,1,1,3,4,1,1,1,1,4,4,4,4,Khao sat that
1157,5,2,2,2,2,3,3,3,3,3,4,5,5,4,4,5,5,5,5,5,5,5,Khao sat that
1158,5,2,2,2,2,3,3,3,3,3,4,5,4,1,3,3,4,4,4,5,4,3,Khao sat that
1159,5,2,2,2,2,3,3,3,3,3,4,5,3,3,3,4,5,4,5,4,4,4,Khao sat that
1160,5,2,2,2,2,4,4,1,1,3,3,5,4,3,4,4,4,5,5,5,4,4,Khao sat that
1161,5,2,2,2,2,3,5,2,1,1,3,3,4,4,4,4,4,4,4,4,3,4,Khao sat that
1162,5,2,2,2,2,5,4,1,1,3,4,5,4,4,5,5,5,4,5,4,4,4,Khao sat that
1163,5,2,2,2,2,4,5,2,1,2,2,5,4,3,4,4,4,4,4,5,3,3,Khao sat that
1164,5,2,2,2,2,5,4,1,2,3,3,5,3,3,5,3,4,4,4,4,5,3,Khao sat that
1165,5,2,2,2,2,5,4,1,1,2,3,5,4,3,4,4,5,3,5,4,5,4,Khao sat that
1166,5,2,2,2,2,4,4,1,1,3,3,5,3,3,4,5,3,5,4,3,5,4,Khao sat that
1167,5,2,2,2,2,4,5,1,1,2,2,5,3,3,4,4,4,4,5,5,5,4,Khao sat that
1168,5,2,2,2,2,4,5,1,1,3,3,5,4,3,4,5,3,4,5,3,4,5,Khao sat that
1169,5,2,2,2,2,5,5,1,1,3,4,5,5,3,4,5,3,4,5,4,5,3,Khao sat that
1170,5,2,1,2,2,3,3,3,3,2,3,5,3,2,5,5,5,5,5,5,5,5,Khao sat that
1171,5,2,1,2,2,5,5,3,3,1,2,5,3,5,5,5,5,5,5,5,5,5,Khao sat that
1172,5,2,2,2,2,3,3,3,2,3,4,5,4,3,3,3,3,3,3,3,3,3,Khao sat that
1173,5,2,2,2,2,3,3,3,3,3,4,5,4,3,3,3,3,3,3,3,3,3,Khao sat that
1174,5,2,2,2,2,3,3,3,3,3,4,5,4,2,3,3,3,3,3,3,3,3,Khao sat that
1175,5,2,2,2,2,3,3,3,3,3,4,5,4,1,3,3,3,3,3,3,3,3,Khao sat that
1176,5,2,2,2,2,3,3,3,3,3,4,5,4,3,3,3,3,3,3,3,3,3,Khao sat that
1177,5,2,2,2,2,3,3,3,3,3,4,5,4,3,3,3,3,3,3,3,3,3,Khao sat that
1178,5,2,2,2,2,3,3,3,3,3,4,5,4,1,3,3,3,3,3,3,3,2,Khao sat that
1179,5,2,2,2,2,3,4,2,3,2,4,5,4,3,3,3,3,3,3,3,3,3,Khao sat that
1180,5,2,2,2,2,4,3,3,3,4,4,5,4,3,4,4,3,4,4,3,3,2,Khao sat that
1181,5,2,2,2,2,4,5,1,1,2,4,5,5,3,4,4,3,3,4,3,4,3,Khao sat that
1182,5,2,2,2,2,3,4,3,3,3,4,5,3,4,4,4,3,3,4,4,3,4,Khao sat that
1183,5,2,2,2,2,4,4,1,1,3,4,5,4,3,4,4,4,4,4,4,3,3,Khao sat that
1184,5,2,2,2,2,4,4,1,2,4,3,5,4,4,4,4,3,3,3,3,3,3,Khao sat that
1185,5,2,2,2,2,3,3,2,2,4,4,5,4,4,4,4,4,3,4,4,3,3,Khao sat that
1186,5,2,2,2,2,4,4,2,2,3,4,5,4,3,4,4,4,4,4,4,4,3,Khao sat that
1187,5,2,2,2,2,4,4,2,2,2,3,5,4,3,3,4,5,3,5,3,3,3,Khao sat that
1188,5,2,2,2,2,3,4,2,3,2,4,5,3,3,4,4,3,4,4,3,3,4,Khao sat that
1189,5,1,2,2,2,4,5,2,1,2,3,5,5,3,3,3,4,4,5,4,3,3,Khao sat that
1190,5,2,2,2,2,4,4,2,2,2,3,5,4,3,3,4,4,3,4,4,3,3,Khao sat that
1191,5,2,2,2,2,5,5,1,1,3,3,5,4,3,3,4,4,4,4,5,3,3,Khao sat that
1192,5,2,2,2,2,5,5,1,1,3,3,5,4,3,3,4,4,3,3,4,3,4,Khao sat that
1193,5,2,2,2,2,4,4,2,2,3,4,5,4,3,3,3,4,4,5,4,3,3,Khao sat that
1194,5,2,2,2,2,4,4,2,2,3,3,5,4,3,4,5,4,4,5,4,3,3,Khao sat that
1195,5,2,2,2,2,4,4,2,2,3,4,5,4,3,3,4,4,3,4,3,3,3,Khao sat that
1196,5,2,2,2,2,5,5,1,1,3,4,5,4,3,3,3,3,4,5,4,4,3,Khao sat that
1197,5,2,2,2,2,4,3,1,2,2,2,4,4,5,4,5,5,5,5,5,4,5,Khao sat that
1198,5,2,2,2,2,3,3,2,2,2,1,4,4,5,5,5,5,5,5,5,5,5,Khao sat that
1199,5,2,2,2,2,2,2,3,4,1,1,1,4,5,5,5,5,5,5,5,5,5,Khao sat that
1200,5,2,2,2,2,3,4,2,1,2,1,4,4,5,5,5,5,5,5,5,5,5,Khao sat that
1201,5,2,2,2,2,2,3,2,2,1,1,5,4,5,5,5,5,5,5,5,5,5,Khao sat that
1202,5,2,2,2,2,3,3,3,3,2,1,4,5,5,5,5,5,5,5,5,5,5,Khao sat that
1203,5,2,2,2,2,4,4,1,4,2,3,5,3,5,5,5,5,5,5,5,4,4,Khao sat that
1204,5,2,2,2,2,3,2,2,3,2,2,4,4,5,5,5,5,5,5,5,5,3,Khao sat that
1205,5,2,2,2,2,6,2,4,3,1,2,4,4,5,5,5,5,5,5,5,3,4,Khao sat that
1206,5,2,2,2,2,3,3,3,3,3,4,5,4,2,3,3,3,3,3,3,3,3,Khao sat that
1207,5,2,2,2,2,5,5,1,1,1,2,5,4,4,5,5,5,5,5,5,5,5,Khao sat that
1208,5,2,2,2,2,5,4,1,2,1,2,5,4,4,5,5,5,5,4,5,4,5,Khao sat that
1209,5,1,1,2,2,4,4,2,2,1,3,5,3,3,3,5,5,5,5,5,3,4,Khao sat that
1210,5,1,2,2,2,5,4,1,1,2,2,5,4,4,4,3,4,5,4,5,4,5,Khao sat that
1211,5,2,1,2,2,5,3,1,3,1,2,5,4,4,5,5,5,5,5,5,5,3,Khao sat that
1212,5,2,2,2,2,5,4,4,2,1,2,5,4,4,5,5,5,5,4,4,4,5,Khao sat that
1213,5,2,2,2,2,4,4,4,4,1,2,5,4,5,5,5,5,5,5,3,4,5,Khao sat that
1214,5,2,2,2,2,5,5,1,1,2,1,5,4,4,4,4,4,4,4,5,4,5,Khao sat that
1215,5,2,2,2,2,5,3,4,4,1,1,5,3,5,5,5,5,5,5,5,5,3,Khao sat that
1216,5,2,1,2,2,5,3,4,4,1,2,5,4,5,5,5,5,5,4,5,4,5,Khao sat that
1217,5,2,1,2,2,5,5,4,4,1,1,5,4,4,5,5,5,5,5,4,4,4,Khao sat that
1218,5,2,2,2,2,6,6,4,4,2,1,5,4,5,5,5,4,5,4,5,5,5,Khao sat that
1219,5,2,2,2,2,5,4,1,4,1,1,5,5,3,5,5,5,5,5,5,4,3,Khao sat that
1220,5,2,1,2,2,4,4,4,4,2,2,5,5,5,5,5,4,5,5,5,5,5,Khao sat that
1221,5,2,2,2,2,5,3,4,4,2,3,5,4,3,5,5,4,5,4,5,5,4,Khao sat that
1222,5,2,2,2,2,5,4,1,1,1,2,5,4,5,5,5,5,5,4,4,4,5,Khao sat that
1223,5,2,2,2,2,5,5,1,4,2,2,5,4,3,5,5,5,5,5,5,4,4,Khao sat that
1224,5,2,2,2,2,5,4,4,4,1,2,5,5,5,4,5,4,5,4,5,4,4,Khao sat that
1225,5,2,2,2,2,6,6,4,4,2,1,5,3,3,4,5,5,5,5,5,4,5,Khao sat that
1226,5,2,2,2,2,6,4,4,4,1,2,5,3,4,5,5,5,5,4,5,5,4,Khao sat that
1227,5,2,2,2,2,5,5,5,1,2,1,5,4,3,3,5,5,5,5,5,4,5,Khao sat that
1228,5,2,2,2,2,5,5,1,1,1,1,5,5,4,4,5,4,5,4,5,5,4,Khao sat that
1229,5,2,1,2,2,5,5,1,4,1,2,5,4,3,5,5,5,5,5,5,4,5,Khao sat that
1230,5,2,2,2,2,4,4,4,4,2,2,5,4,4,4,5,5,5,5,5,4,3,Khao sat that
1231,5,2,2,2,2,5,5,1,1,2,2,5,3,3,3,3,4,5,4,5,4,5,Khao sat that
1232,5,2,1,2,2,5,5,1,1,1,2,5,4,3,5,5,5,5,5,5,5,4,Khao sat that
1233,5,2,1,2,2,5,5,1,1,1,2,5,4,3,5,5,4,5,5,5,5,4,Khao sat that
1234,5,2,2,2,2,5,5,1,1,2,2,5,3,4,5,5,5,5,4,5,5,5,Khao sat that
1235,5,2,1,2,2,2,6,2,4,2,2,5,3,4,3,5,4,5,5,5,4,5,Khao sat that
1236,5,2,1,2,2,5,5,4,4,1,1,5,4,3,2,4,4,5,5,5,4,3,Khao sat that
1237,5,2,2,2,2,5,5,1,1,1,1,5,4,3,4,5,4,5,5,5,5,5,Khao sat that
1238,5,2,2,2,2,5,5,4,4,1,3,5,5,3,3,5,5,4,5,5,4,3,Khao sat that
1239,5,2,1,2,2,5,5,1,1,2,2,5,4,4,4,5,5,5,5,4,5,4,Khao sat that
1240,5,2,2,2,2,5,5,1,1,2,3,5,4,5,5,5,5,5,5,5,4,4,Khao sat that
1241,5,2,2,2,2,5,5,1,1,1,2,5,3,4,5,5,5,5,5,5,5,4,Khao sat that
1242,5,2,1,2,2,5,5,1,1,1,2,5,3,4,5,5,5,5,5,5,5,5,Khao sat that
1243,5,2,2,2,2,5,5,4,4,2,2,5,3,4,5,5,5,5,5,5,4,5,Khao sat that
1244,5,2,2,2,2,5,5,4,4,2,2,5,4,3,5,5,5,5,5,5,5,5,Khao sat that
1245,5,2,2,2,2,6,4,1,1,1,1,5,4,5,4,5,4,4,4,5,5,3,Khao sat that
1246,5,2,2,2,2,5,5,1,1,1,1,5,4,4,5,5,4,5,4,5,5,4,Khao sat that
1247,5,2,1,2,1,3,3,3,3,1,3,5,3,4,5,5,4,4,4,5,5,4,Khao sat that
1248,5,2,1,2,2,5,5,3,4,1,2,5,3,4,3,5,4,4,4,5,4,3,Khao sat that
1249,5,2,2,2,2,5,5,1,1,2,1,5,4,4,3,4,5,4,5,5,4,4,Khao sat that
1250,5,2,1,2,2,1,1,1,1,2,2,5,4,4,4,4,4,5,5,4,5,3,Khao sat that
1251,5,2,2,2,2,5,5,1,4,2,2,5,3,4,4,4,4,5,5,3,4,4,Khao sat that
1252,5,2,1,2,2,1,1,1,1,2,1,5,4,4,4,4,5,4,4,4,5,4,Khao sat that
1253,5,1,1,2,2,3,6,4,4,2,1,5,4,4,5,5,5,5,5,5,5,5,Khao sat that
1254,5,2,1,2,2,4,4,4,4,1,2,5,4,3,3,3,4,4,4,5,4,4,Khao sat that
1255,5,2,1,2,2,4,5,1,1,2,2,5,4,4,4,4,5,5,5,5,5,5,Khao sat that
1256,5,2,1,2,2,5,5,2,2,1,2,5,4,5,5,5,5,5,4,4,4,4,Khao sat that
1257,5,2,2,2,2,4,5,2,2,1,2,5,4,4,3,4,4,5,4,5,4,4,Khao sat that
1258,5,2,2,2,2,5,4,2,4,2,2,5,4,5,5,5,4,5,5,4,4,5,Khao sat that
1259,5,2,2,2,2,3,2,1,2,1,3,5,5,3,4,4,4,4,4,4,4,4,Khao sat that
1260,5,2,2,2,2,4,4,1,1,2,2,5,4,3,4,4,3,3,4,4,4,3,Khao sat that
1261,5,2,2,2,2,3,3,3,3,2,4,5,4,1,3,3,4,4,4,5,4,3,Khao sat that
1262,5,2,2,2,2,5,3,3,2,2,2,5,4,4,4,5,5,5,5,5,3,3,Khao sat that
1263,5,2,2,2,2,2,2,3,4,1,1,5,3,5,5,5,5,5,5,5,5,5,Khao sat that
1264,5,2,2,2,2,5,4,1,1,2,3,5,4,3,4,4,5,3,5,4,5,4,Khao sat that
1265,5,2,2,2,2,4,4,2,2,2,3,5,4,3,3,4,4,3,4,4,3,3,Khao sat that
1266,5,2,2,2,2,3,4,2,3,2,2,5,4,3,4,4,3,4,4,3,3,4,Khao sat that
1267,5,2,2,2,2,3,3,3,3,3,3,5,4,2,3,3,3,3,3,3,3,3,Khao sat that
1268,5,2,2,2,2,4,5,1,1,2,2,5,4,3,4,4,3,3,4,3,4,3,Khao sat that
1269,5,2,2,2,2,5,5,1,1,3,2,5,4,3,4,5,3,4,5,4,5,3,Khao sat that
1270,5,2,2,2,2,3,3,3,3,3,3,5,5,1,3,3,4,4,4,5,4,3,Khao sat that
1271,5,2,2,2,2,4,5,2,1,2,2,5,4,3,4,4,4,4,4,5,3,3,Khao sat that
1272,5,2,2,2,2,3,3,3,3,2,1,5,4,5,5,5,5,5,5,5,5,5,Khao sat that
1273,5,2,2,2,2,4,5,1,1,2,2,5,4,3,4,4,4,4,5,5,5,4,Khao sat that
1274,5,2,2,2,2,3,3,3,3,2,1,5,4,3,4,4,4,4,5,5,4,3,Khao sat that
1275,5,2,2,2,2,3,3,3,3,3,1,5,4,3,4,5,5,5,5,4,4,4,Khao sat that
1276,5,2,1,2,2,3,1,2,1,1,2,5,5,4,4,4,4,4,4,5,4,4,Khao sat that
1277,5,2,2,2,2,3,3,3,2,2,3,5,4,3,3,3,3,3,3,3,3,3,Khao sat that
1278,5,2,1,2,2,2,2,2,2,2,2,5,5,4,4,5,5,4,4,4,5,3,Khao sat that
1279,5,2,2,2,2,4,4,1,1,2,1,5,4,3,4,4,4,4,4,4,3,3,Khao sat that
1280,5,2,1,2,2,2,2,1,3,2,1,5,4,2,2,3,1,2,3,2,2,1,Khao sat that
1281,5,2,2,2,2,5,4,1,1,2,2,5,4,4,5,5,5,4,5,4,4,4,Khao sat that
1282,5,2,1,2,2,2,2,2,2,1,1,5,4,4,4,5,5,5,4,4,4,4,Khao sat that
1283,5,2,2,2,2,5,4,1,2,3,2,5,4,3,5,3,4,4,4,4,5,3,Khao sat that
1284,5,2,2,2,2,5,5,1,1,3,2,5,4,3,3,4,4,4,4,5,3,3,Khao sat that
1285,5,2,2,2,2,3,3,3,3,3,2,5,5,1,3,3,3,3,3,3,3,2,Khao sat that
1286,5,2,2,2,2,5,5,1,1,3,3,5,4,3,3,4,4,3,3,4,3,4,Khao sat that
1287,5,2,1,2,2,3,3,3,3,2,3,5,3,2,5,5,5,5,5,5,5,5,Khao sat that
1288,5,2,2,2,2,3,5,2,1,1,3,5,4,4,4,4,4,4,4,4,3,4,Khao sat that
1289,5,2,1,2,2,5,5,3,3,1,2,5,5,5,5,5,5,5,5,5,5,5,Khao sat that
1290,5,2,2,2,2,3,3,3,3,3,2,5,4,4,4,5,5,5,5,5,5,5,Khao sat that
1291,5,2,1,2,2,5,4,3,2,2,3,5,5,4,4,4,4,4,4,4,4,3,Khao sat that
1292,5,2,2,2,2,4,4,2,2,3,2,5,4,3,4,5,4,4,5,4,3,3,Khao sat that
1293,5,2,2,2,2,3,4,2,3,2,2,5,4,3,3,3,3,3,3,3,3,3,Khao sat that
1294,5,2,2,2,2,5,4,1,1,3,1,5,4,4,5,5,5,4,5,4,4,4,Khao sat that
1295,5,2,2,2,2,5,5,1,1,3,1,5,4,3,3,3,3,4,5,4,4,3,Khao sat that
1296,5,2,2,2,2,3,3,3,3,2,2,5,4,1,3,4,5,4,5,4,3,3,Khao sat that
1297,5,2,2,2,2,3,3,3,3,2,3,5,4,3,3,4,5,4,5,4,4,4,Khao sat that
1298,5,2,2,2,2,4,4,1,2,1,2,5,4,4,4,4,3,3,3,3,3,3,Khao sat that
1299,5,2,2,2,2,5,4,1,1,3,2,5,4,4,5,5,5,4,5,4,4,4,Khao sat that
1300,5,2,2,2,2,4,4,2,2,3,2,5,4,3,3,4,4,5,4,4,5,3,Khao sat that
1301,5,2,2,2,2,4,4,2,2,3,2,5,4,3,3,4,4,3,4,5,5,3,Khao sat that
1302,5,2,2,2,2,3,3,3,3,2,2,5,4,3,3,3,3,3,3,3,3,3,Khao sat that
1303,5,2,2,2,2,4,4,2,2,2,2,5,4,3,3,4,5,3,5,3,3,3,Khao sat that
1304,5,2,2,2,2,6,2,4,3,1,1,5,3,5,5,5,5,5,5,5,3,4,Khao sat that
1305,5,2,2,2,2,3,3,3,3,2,1,5,4,3,3,4,4,4,5,4,3,3,Khao sat that
1306,5,2,2,2,2,3,4,2,1,2,1,5,4,5,5,5,5,5,5,5,5,5,Khao sat that
1307,5,2,2,2,2,3,3,2,2,4,2,5,4,4,4,4,4,3,4,4,3,3,Khao sat that
1308,5,2,2,2,2,4,4,2,2,3,2,5,4,3,3,3,4,4,5,4,3,3,Khao sat that
1309,5,2,2,2,2,4,4,1,1,3,2,5,4,3,4,4,4,5,5,5,4,4,Khao sat that
1310,5,2,2,2,2,3,5,2,1,1,2,5,4,4,4,4,4,4,4,4,3,4,Khao sat that
1311,5,2,2,2,2,4,3,1,2,2,2,5,4,5,4,5,5,5,5,5,4,5,Khao sat that
1312,5,2,1,2,2,3,3,3,3,2,3,5,3,2,5,5,5,5,5,5,5,5,Khao sat that
1313,5,2,2,2,2,3,2,2,3,2,2,5,4,5,5,5,5,5,5,5,5,3,Khao sat that
1314,5,2,2,2,2,3,3,3,3,2,2,5,4,3,3,4,5,4,5,4,4,4,Khao sat that
1315,5,2,2,2,2,2,3,2,2,1,1,5,4,5,5,5,5,5,5,5,5,5,Khao sat that
1316,5,2,2,2,2,4,5,1,1,3,2,5,4,3,4,5,3,4,5,3,4,5,Khao sat that
1317,5,2,2,2,2,4,4,1,4,2,1,5,4,5,5,5,5,5,5,5,4,4,Khao sat that
1318,5,2,2,2,2,3,3,2,2,2,1,5,4,5,5,5,5,5,5,5,5,5,Khao sat that
1319,5,2,2,2,2,4,4,1,1,3,2,5,4,3,4,5,3,5,4,3,5,4,Khao sat that
1320,5,2,2,2,2,4,5,3,3,4,2,5,4,3,1,3,3,3,3,3,2,2,Khao sat that
1321,5,2,2,2,2,5,5,2,3,1,1,5,3,3,3,3,3,3,3,3,3,3,Khao sat that
1322,5,2,2,2,2,4,5,3,2,2,5,5,3,5,5,5,5,5,5,5,5,5,Khao sat that
1323,5,2,2,2,2,5,5,3,3,3,5,5,3,5,5,5,5,5,5,5,5,5,Khao sat that
1324,5,1,2,2,2,5,5,1,2,3,5,5,3,3,3,3,3,3,3,3,3,3,Khao sat that
1325,5,2,2,2,2,4,4,2,3,3,4,5,3,3,3,3,3,3,3,3,3,3,Khao sat that
1326,5,2,2,2,2,3,3,4,4,3,5,5,3,3,3,3,3,3,3,3,3,3,Khao sat that
1327,5,2,1,2,2,3,2,3,4,3,4,5,4,1,2,3,3,3,3,3,3,3,Khao sat that
1328,5,2,1,2,2,3,3,3,3,5,5,5,3,3,3,3,3,3,3,3,3,3,Khao sat that
1329,5,2,1,2,2,5,5,1,2,3,4,5,4,3,2,3,1,4,1,5,4,5,Khao sat that
1330,5,2,2,2,2,3,3,2,2,5,5,5,3,3,3,3,3,3,3,3,3,3,Khao sat that
1331,5,2,1,2,2,2,3,4,1,3,4,5,4,1,1,3,3,3,3,3,3,3,Khao sat that
1332,5,2,2,2,2,3,3,3,3,4,5,5,4,3,3,3,3,3,3,3,3,3,Khao sat that
1333,5,1,2,2,2,5,5,2,2,2,4,5,4,5,5,5,5,5,5,5,5,5,Khao sat that
1334,5,2,2,2,2,2,2,2,2,2,2,5,4,3,3,3,3,3,3,3,3,3,Khao sat that
1335,5,2,2,2,2,3,3,3,3,3,4,5,4,3,3,3,3,3,3,3,3,3,Khao sat that
1336,5,2,2,2,2,2,2,2,2,2,3,4,3,3,3,3,3,3,3,3,3,3,Khao sat that
1337,5,2,1,2,2,2,2,2,2,3,4,5,3,3,3,3,3,3,3,3,3,3,Khao sat that
1338,5,2,1,2,2,3,3,3,3,4,4,5,4,3,3,3,3,3,3,3,3,3,Khao sat that
1339,5,2,2,2,2,3,3,3,3,2,4,5,4,3,3,3,3,3,3,3,3,3,Khao sat that
1340,5,1,2,2,2,4,4,1,3,3,5,5,3,2,2,3,3,4,5,4,5,5,Khao sat that
1341,5,2,1,2,2,3,3,3,3,3,3,5,3,3,3,3,3,3,3,3,3,3,Khao sat that
1342,5,1,2,2,2,1,5,3,4,3,4,5,3,5,3,5,5,5,5,5,5,5,Khao sat that
1343,5,2,1,2,2,3,3,3,3,4,4,5,4,2,3,3,3,3,3,3,3,3,Khao sat that
1344,5,2,2,2,2,5,5,3,5,5,3,5,3,2,5,5,5,4,4,4,4,4,Khao sat that
1345,5,1,2,2,2,2,2,3,3,3,4,5,3,2,5,5,4,4,4,1,3,5,Khao sat that
1346,5,2,2,2,2,4,4,2,2,4,5,5,3,5,5,5,5,5,5,5,5,5,Khao sat that
1347,5,2,2,2,2,5,5,1,2,5,5,5,4,5,5,5,5,5,5,5,5,5,Khao sat that
1348,5,2,2,2,2,4,4,2,2,3,5,5,3,5,5,5,5,5,5,5,5,5,Khao sat that
1349,5,2,2,2,2,4,4,2,2,5,4,5,3,5,5,5,5,5,5,5,5,5,Khao sat that
1350,5,2,2,2,2,2,2,2,2,5,5,5,4,3,3,3,3,3,3,3,3,3,Khao sat that
1351,5,2,1,2,2,6,6,3,3,5,5,5,4,1,2,4,5,2,5,1,2,1,Khao sat that
1352,5,2,1,2,2,5,5,4,2,4,3,5,4,3,3,3,4,1,2,5,4,4,Khao sat that
1353,5,2,2,2,2,3,3,3,3,3,3,5,3,3,3,3,3,3,3,3,3,3,Khao sat that
1354,5,2,2,2,2,3,3,4,4,2,3,5,3,1,1,1,1,3,3,3,3,3,Khao sat that
1355,5,2,2,2,2,3,3,3,3,3,3,5,3,3,3,3,3,3,3,3,3,3,Khao sat that
1356,5,2,2,2,2,3,3,3,3,4,4,5,3,3,3,3,3,3,3,3,3,4,Khao sat that
1357,5,2,2,2,2,3,3,3,3,5,4,5,3,3,3,3,3,3,3,3,4,3,Khao sat that
1358,5,2,2,2,2,3,3,3,3,5,5,5,3,3,3,3,3,3,3,3,3,3,Khao sat that
1359,5,2,2,2,2,4,3,3,3,5,4,5,3,3,3,3,3,4,3,3,3,3,Khao sat that
1360,5,1,2,2,2,3,4,4,4,4,4,5,3,3,3,3,3,3,3,3,3,3,Khao sat that
1361,5,2,2,2,2,3,3,3,3,3,4,5,2,3,3,3,3,3,3,3,3,3,Khao sat that
1362,5,2,2,2,2,3,3,3,3,5,3,5,2,3,3,3,3,3,3,3,3,3,Khao sat that
1363,5,2,2,2,2,3,3,3,3,5,5,5,3,3,3,3,3,3,3,3,3,3,Khao sat that
1364,5,2,2,2,2,3,3,3,3,5,3,5,3,3,3,3,3,3,3,3,3,3,Khao sat that
1365,5,2,2,2,2,2,2,3,3,3,3,5,3,3,3,3,3,3,3,3,3,3,Khao sat that
1366,5,2,2,2,2,2,2,3,3,5,3,5,3,2,3,3,3,3,3,3,3,3,Khao sat that
1367,5,2,1,2,2,5,5,3,1,2,3,5,3,2,2,4,4,2,2,4,1,4,Khao sat that
1368,5,1,2,2,2,5,5,1,2,3,5,5,3,3,3,3,3,3,3,3,3,3,Khao sat that
1369,5,2,2,2,2,4,4,3,2,1,2,5,3,3,3,3,3,3,3,3,3,3,Khao sat that
1370,5,2,2,2,2,4,4,2,2,1,3,5,3,4,3,3,3,3,3,3,3,3,Khao sat that
1371,5,2,2,2,2,4,4,2,2,2,3,5,3,3,3,3,3,3,3,3,3,3,Khao sat that
1372,5,2,2,2,2,4,4,2,2,2,3,5,4,3,3,3,3,3,3,3,3,3,Khao sat that
1373,5,2,1,2,2,6,6,4,4,5,5,5,3,5,5,5,5,5,5,5,5,5,Khao sat that
1374,5,2,2,2,2,4,4,2,2,2,3,5,3,4,4,2,2,5,3,2,2,3,Khao sat that
1375,5,2,2,2,2,4,4,2,2,3,3,5,4,3,3,3,3,3,3,3,3,3,Khao sat that
1376,5,2,2,2,2,4,4,2,2,1,3,5,3,2,4,4,2,4,5,2,2,2,Khao sat that
1377,5,2,2,2,2,4,4,2,2,2,3,5,2,2,4,4,2,5,4,2,2,2,Khao sat that
1378,5,2,2,2,2,4,4,2,2,2,3,5,3,4,4,4,2,4,4,2,2,2,Khao sat that
1379,5,1,2,2,2,5,5,1,2,3,5,5,3,4,3,3,4,4,5,3,4,5,Khao sat that
1380,5,2,2,2,2,3,3,3,4,4,5,5,3,3,3,4,5,4,4,5,3,4,Khao sat that
1381,5,2,2,2,2,4,4,2,2,4,5,5,3,5,5,5,5,5,5,5,5,5,Khao sat that
1382,5,2,1,2,2,6,6,4,4,5,5,5,4,5,5,5,5,5,5,5,5,5,Khao sat that
1383,5,2,2,2,2,5,5,1,1,2,3,4,3,5,5,5,5,5,5,5,5,5,Khao sat that
1384,5,2,2,2,2,5,5,1,1,3,3,5,4,5,5,5,5,4,4,5,5,5,Khao sat that
1385,5,2,2,2,2,4,4,2,1,2,2,5,4,5,5,5,5,5,5,5,5,5,Khao sat that
1386,5,1,2,2,2,3,3,2,1,4,3,5,4,5,5,5,5,5,5,5,5,5,Khao sat that
1387,5,2,1,2,2,3,5,2,1,3,3,5,4,4,4,5,5,4,4,5,4,4,Khao sat that
1388,5,2,2,2,2,2,2,2,2,2,2,5,4,4,3,3,3,3,3,3,3,3,Khao sat that
1389,5,2,2,2,2,5,5,2,2,2,3,5,4,4,4,5,5,4,5,4,4,4,Khao sat that
1390,5,1,2,2,2,4,4,2,1,3,2,5,4,5,5,5,5,5,5,5,5,5,Khao sat that
1391,5,2,2,2,2,4,4,2,2,2,3,5,4,5,5,5,5,5,5,5,5,5,Khao sat that
1392,5,2,1,2,2,3,3,4,4,2,2,5,4,3,3,3,4,4,4,4,5,4,Khao sat that
1393,5,2,1,2,2,2,2,3,3,1,2,5,4,5,4,5,5,4,5,4,4,2,Khao sat that
1394,5,2,2,2,2,3,2,2,2,1,2,5,3,3,2,5,5,4,5,4,5,4,Khao sat that
1395,5,2,2,2,2,4,5,3,1,5,2,5,4,3,3,4,4,4,4,4,3,4,Khao sat that
1396,5,2,1,2,2,3,3,4,1,3,3,5,3,3,3,3,3,3,3,3,3,3,Khao sat that
1397,5,2,2,2,2,6,5,4,4,4,2,5,4,5,5,5,5,5,5,5,4,5,Khao sat that
1398,5,2,1,2,2,3,3,1,1,2,2,4,3,3,3,3,3,3,3,3,3,3,Khao sat that
1399,5,2,2,2,2,5,6,1,2,2,3,4,3,4,4,4,4,4,4,4,4,4,Khao sat that
1400,5,2,2,2,2,5,5,2,3,3,3,5,5,5,5,5,5,5,5,5,5,5,Khao sat that
1401,5,2,2,2,2,4,4,3,3,3,2,5,3,5,5,4,5,5,5,5,5,5,Khao sat that
1402,5,2,2,2,2,4,4,3,3,4,3,5,5,5,5,5,5,5,5,5,5,5,Khao sat that
1403,5,2,2,2,2,4,4,4,3,2,3,5,4,5,5,5,5,5,5,5,5,5,Khao sat that
1404,5,2,2,2,2,4,4,3,3,3,3,5,4,5,5,5,5,5,5,5,5,5,Khao sat that
1405,5,2,2,2,2,5,5,1,1,3,3,5,3,4,5,5,4,5,5,5,4,4,Khao sat that
1406,5,1,1,2,2,3,3,2,1,3,3,5,3,3,4,5,5,4,5,5,5,3,Khao sat that
1407,5,2,1,2,2,6,5,2,2,3,2,5,4,4,5,5,5,5,5,5,5,4,Khao sat that
1408,5,2,2,2,2,2,2,1,1,3,3,5,3,5,5,5,5,5,5,5,5,5,Khao sat that
1409,5,2,2,2,2,2,3,3,3,4,3,5,3,5,5,5,5,5,5,4,4,4,Khao sat that
1410,5,2,1,2,2,3,4,3,4,3,2,5,3,3,5,4,5,4,4,5,5,4,Khao sat that
1411,5,2,1,2,2,3,3,3,3,3,2,5,3,3,5,5,5,5,5,5,5,5,Khao sat that
1412,5,2,1,2,2,1,3,2,2,3,3,5,4,4,3,3,3,3,3,3,3,3,Khao sat that
1413,5,2,1,2,2,3,3,2,2,2,2,5,4,4,3,3,3,3,3,3,3,3,Khao sat that
1414,5,2,1,2,2,4,4,2,2,3,2,5,4,4,4,4,5,5,4,5,5,3,Khao sat that
1415,5,2,2,2,2,5,5,1,1,3,3,5,4,4,4,5,5,4,5,4,5,5,Khao sat that
1416,5,2,2,2,2,5,5,2,2,2,3,5,4,4,4,5,5,4,5,4,4,4,Khao sat that
1417,5,2,2,2,2,5,5,2,2,2,3,5,4,4,4,5,5,4,5,4,4,4,Khao sat that
1418,5,2,2,2,2,5,5,2,2,2,2,5,4,4,4,5,5,4,5,4,4,4,Khao sat that
1419,5,2,2,2,2,5,5,2,2,2,3,5,4,4,4,5,5,4,5,4,4,4,Khao sat that
1420,5,2,2,2,2,5,5,2,2,2,2,5,4,4,4,5,5,4,5,4,4,4,Khao sat that
1421,5,2,2,2,2,5,5,2,2,2,2,5,4,4,4,5,5,4,5,4,4,4,Khao sat that
1422,5,2,2,2,2,5,5,2,2,2,2,5,4,4,4,5,5,4,5,4,4,4,Khao sat that
1423,5,2,2,2,2,5,5,2,2,2,3,5,4,4,4,5,5,4,5,4,4,4,Khao sat that
1424,5,2,2,2,2,2,3,3,3,4,3,5,3,5,5,5,5,5,5,4,4,4,Khao sat that
1425,5,2,1,2,2,3,3,3,3,3,2,5,3,3,5,5,5,5,5,5,5,5,Khao sat that
1426,5,2,2,2,2,4,4,4,3,2,3,5,4,5,5,5,5,5,5,5,5,5,Khao sat that
1427,5,2,1,2,2,3,3,1,3,3,3,5,3,3,3,3,3,3,3,3,3,3,Khao sat that
1428,5,2,2,2,2,4,4,2,1,2,2,5,4,5,5,5,5,5,5,5,5,5,Khao sat that
1429,5,2,2,2,2,5,5,1,1,3,2,5,4,4,4,5,5,4,5,4,5,5,Khao sat that
1430,5,2,2,2,2,5,5,1,1,3,3,5,3,5,5,5,5,5,5,5,5,5,Khao sat that
1431,5,2,2,2,2,4,4,2,2,1,2,4,3,3,4,4,4,4,4,4,4,4,Khao sat that
1432,5,2,2,2,2,5,6,1,2,2,3,4,3,4,4,4,4,4,4,4,4,4,Khao sat that
1433,5,2,1,2,2,3,3,4,1,3,3,4,3,3,3,3,3,3,3,3,3,3,Khao sat that
1434,5,2,2,2,2,5,5,1,1,2,3,4,3,5,5,5,5,5,5,5,5,5,Khao sat that
1435,5,2,2,2,2,3,3,3,3,2,2,5,4,3,3,3,4,2,3,3,3,1,Khao sat that
1436,5,2,2,2,2,4,4,2,2,2,3,5,4,5,5,5,5,5,5,5,5,5,Khao sat that
1437,5,2,2,2,2,6,6,2,2,2,3,5,5,4,5,5,5,5,5,5,5,3,Khao sat that
1438,5,2,1,2,2,3,4,3,4,3,2,5,3,3,5,4,5,4,4,5,5,4,Khao sat that
1439,5,2,2,2,2,5,5,2,2,2,3,5,4,4,4,5,5,4,5,4,4,4,Khao sat that
1440,5,2,1,2,2,3,3,1,1,3,2,5,3,3,3,3,3,3,3,3,3,3,Khao sat that
1441,5,1,2,2,2,4,4,2,1,3,2,5,4,5,5,5,5,5,5,5,5,5,Khao sat that
1442,5,2,2,2,2,5,4,1,2,3,3,5,3,5,5,5,5,5,5,5,5,5,Khao sat that
1443,5,2,2,2,2,3,2,2,2,1,2,5,3,3,2,5,5,4,5,4,5,4,Khao sat that
1444,5,2,1,2,2,5,5,1,1,4,2,4,3,3,3,3,3,3,3,3,3,3,Khao sat that
1445,5,2,2,2,2,4,4,2,2,2,3,5,4,5,5,5,5,5,5,5,5,5,Khao sat that
1446,5,2,2,2,2,5,5,2,2,2,3,5,4,4,4,5,5,4,5,4,4,4,Khao sat that
1447,5,2,2,2,2,6,5,4,4,4,2,5,4,5,5,5,5,5,5,5,4,5,Khao sat that
1448,5,2,1,2,2,3,3,4,4,2,2,5,4,3,3,3,4,4,4,4,5,4,Khao sat that
1449,5,1,2,2,2,5,5,3,2,3,2,5,3,5,5,4,5,3,4,4,5,4,Khao sat that
1450,5,2,1,2,2,3,3,1,3,3,3,5,3,3,3,3,3,3,3,3,3,3,Khao sat that
1451,5,2,2,2,2,5,5,2,2,2,3,5,4,4,4,5,5,4,5,4,4,4,Khao sat that
1452,5,2,1,2,2,3,4,3,4,3,2,5,3,3,5,4,5,4,4,5,5,4,Khao sat that
1453,5,2,2,2,2,6,6,2,2,2,3,5,5,4,5,5,5,5,5,5,5,3,Khao sat that
1454,5,2,2,2,2,4,4,2,2,1,2,4,3,3,4,4,4,4,4,4,4,4,Khao sat that
1455,5,2,1,2,2,3,3,3,3,3,2,5,3,3,5,5,5,5,5,5,5,5,Khao sat that
1456,5,2,2,2,2,5,5,1,1,2,2,5,4,4,4,4,5,4,5,5,4,4,Khao sat that
1457,5,2,2,2,2,5,5,2,2,2,2,5,4,4,4,5,5,4,5,4,4,4,Khao sat that
1458,5,2,1,2,2,3,3,1,1,3,3,5,3,3,3,3,3,3,3,3,3,3,Khao sat that
1459,5,2,2,2,2,5,5,1,1,3,3,5,3,5,5,5,5,5,5,5,5,5,Khao sat that
1460,5,2,2,2,2,2,3,3,3,4,3,5,3,5,5,5,5,5,5,4,4,4,Khao sat that
1461,5,2,1,2,2,3,3,1,3,3,3,5,3,3,3,3,3,3,3,3,3,3,Khao sat that
1462,5,2,1,2,2,3,3,2,2,2,2,5,4,4,3,3,3,3,3,3,3,3,Khao sat that
1463,5,2,1,2,2,3,3,3,3,3,2,5,3,3,5,5,5,5,5,5,5,5,Khao sat that
1464,5,1,2,2,2,5,5,3,2,3,2,5,3,5,5,4,5,3,4,4,5,4,Khao sat that
1465,5,2,2,2,2,5,5,2,2,2,2,5,4,4,4,5,5,4,5,4,4,4,Khao sat that
1466,5,2,2,2,2,5,4,1,2,3,3,5,3,5,5,5,5,5,5,5,5,5,Khao sat that
1467,5,2,2,2,2,4,4,2,1,2,2,5,4,5,5,5,5,5,5,5,5,5,Khao sat that
1468,5,1,1,2,2,3,3,2,1,3,3,5,3,3,4,5,5,4,5,5,5,3,Khao sat that
1469,5,2,2,2,2,2,2,2,2,2,2,5,4,4,3,3,3,3,3,3,3,3,Khao sat that
1470,4,2,2,2,2,4,4,4,4,3,2,5,3,4,3,3,3,3,3,3,3,3,Khao sat that
1471,4,1,1,2,2,4,4,3,3,5,1,5,3,3,3,3,3,3,3,3,3,3,Khao sat that
1472,4,2,2,2,2,3,3,3,3,3,3,5,3,5,5,5,5,5,5,5,5,5,Khao sat that
1473,4,2,1,2,2,4,3,2,2,2,3,5,3,4,4,4,5,4,5,4,4,4,Khao sat that
1474,4,2,2,2,2,4,4,2,2,5,3,5,3,3,3,3,3,3,3,3,3,3,Khao sat that
1475,4,2,2,2,2,4,4,4,4,1,2,5,3,3,3,3,3,3,3,3,3,3,Khao sat that
1476,4,2,2,2,2,4,4,4,4,2,1,5,3,3,3,3,3,3,4,3,3,4,Khao sat that
1477,4,2,2,2,2,5,3,2,2,1,2,5,4,2,3,3,5,4,5,3,3,2,Khao sat that
1478,4,2,2,2,2,4,4,4,4,5,1,5,3,3,3,3,3,3,3,3,3,3,Khao sat that
1479,4,2,2,2,2,3,3,2,2,3,1,5,3,5,5,5,5,5,5,5,5,5,Khao sat that
1480,4,1,2,2,2,4,4,4,4,2,2,5,3,3,3,3,3,3,3,3,3,3,Khao sat that
1481,4,2,2,2,2,3,3,3,3,1,1,5,3,3,3,3,3,3,4,3,3,3,Khao sat that
1482,4,2,2,2,2,5,5,3,3,2,1,5,3,4,4,4,5,5,4,3,4,5,Khao sat that
1483,4,2,2,2,2,4,4,4,4,2,1,5,3,4,3,3,3,3,3,3,3,3,Khao sat that
1484,4,2,2,2,2,4,4,4,4,3,2,5,3,3,3,3,4,3,3,3,3,3,Khao sat that
1485,4,2,2,2,2,5,5,1,4,1,2,5,4,3,3,3,3,2,3,3,3,4,Khao sat that
1486,4,2,2,2,2,4,4,4,4,2,2,5,3,3,3,3,3,3,3,3,3,3,Khao sat that
1487,4,2,2,2,2,5,5,3,3,1,2,5,3,4,4,5,4,4,5,5,4,4,Khao sat that
1488,4,2,1,2,1,2,2,3,3,1,2,5,3,4,5,4,5,4,5,3,4,3,Khao sat that
1489,4,2,2,2,2,2,2,3,3,1,1,5,3,3,2,3,3,3,4,3,2,3,Khao sat that
1490,4,2,1,2,2,5,5,1,1,2,2,5,4,4,5,5,5,5,5,4,5,4,Khao sat that
1491,4,2,1,1,2,6,5,4,3,3,3,5,4,3,3,2,4,3,2,4,4,3,Khao sat that
1492,4,2,2,2,2,3,3,2,1,3,2,5,4,3,2,4,4,4,2,3,3,4,Khao sat that
1493,4,2,2,2,2,3,4,3,1,3,2,5,5,4,4,5,5,5,5,5,4,4,Khao sat that
1494,4,2,2,2,2,3,3,3,3,3,2,5,4,3,3,3,4,4,5,4,5,5,Khao sat that
1495,4,2,1,2,2,5,6,4,4,5,3,5,5,4,4,5,4,4,5,5,5,3,Khao sat that
1496,4,2,2,2,2,5,4,1,3,5,2,5,4,4,3,4,4,5,5,5,4,5,Khao sat that
1497,4,2,2,2,2,2,2,3,3,4,2,5,3,4,4,4,4,4,4,3,5,3,Khao sat that
1498,4,2,2,2,2,5,5,2,4,1,1,5,3,3,4,3,3,4,4,5,4,4,Khao sat that
1499,4,2,1,2,2,4,4,3,3,2,2,5,3,2,3,4,4,4,4,4,4,4,Khao sat that
1500,4,2,2,2,2,5,5,3,3,2,2,5,3,4,4,4,5,5,4,3,4,5,Khao sat that
1501,4,2,2,2,2,6,6,1,1,4,2,5,3,4,4,4,4,4,4,4,4,4,Khao sat that
1502,4,1,2,2,2,5,1,1,1,3,3,5,3,4,4,4,4,4,4,4,4,4,Khao sat that
1503,4,2,2,2,2,3,3,2,2,2,3,5,3,4,3,3,4,4,3,3,3,3,Khao sat that
1504,4,2,2,2,2,5,5,1,4,4,3,5,3,3,3,3,4,4,4,4,3,3,Khao sat that
1505,4,2,2,2,2,4,4,4,4,3,2,5,3,3,3,3,3,3,3,3,3,3,Khao sat that
1506,4,2,2,2,2,4,4,1,4,2,3,5,3,2,3,3,3,3,3,3,3,3,Khao sat that
1507,4,2,2,2,2,3,3,2,2,3,3,5,3,3,4,4,5,5,5,5,5,5,Khao sat that
1508,4,2,2,2,2,4,4,1,4,2,3,5,3,2,3,3,3,3,3,3,3,3,Khao sat that
1509,4,2,2,2,2,3,3,3,3,5,2,5,4,2,4,3,3,3,3,3,3,3,Khao sat that
1510,4,2,2,2,2,3,3,2,2,3,3,5,3,5,5,5,5,5,5,5,5,5,Khao sat that
1511,4,2,2,2,2,4,4,1,4,2,3,5,3,3,3,3,3,3,3,3,3,3,Khao sat that
1512,4,2,2,2,2,6,6,2,4,5,2,5,4,3,3,3,3,3,3,3,3,3,Khao sat that
1513,4,2,2,2,2,3,3,2,2,3,3,5,3,5,5,5,5,5,5,5,5,5,Khao sat that
1514,4,2,2,2,2,4,4,4,4,2,3,5,3,2,3,3,3,3,3,3,3,3,Khao sat that
1515,4,2,2,2,2,3,4,1,2,5,2,5,3,3,3,3,3,3,3,3,3,3,Khao sat that
1516,4,2,2,2,2,4,4,4,4,5,2,5,3,2,3,3,3,3,3,3,3,3,Khao sat that
1517,4,2,2,2,2,4,5,3,3,4,2,5,3,3,3,3,3,3,3,3,3,3,Khao sat that
1518,4,2,2,2,2,3,3,2,2,3,3,5,3,5,5,5,5,5,5,5,5,5,Khao sat that
1519,4,2,2,2,2,5,5,4,4,4,2,5,3,3,3,3,3,3,3,3,3,3,Khao sat that
1520,4,2,2,2,2,4,4,4,4,2,3,5,3,3,3,3,3,3,3,3,3,3,Khao sat that
1521,4,2,2,2,2,3,3,2,2,3,3,5,3,5,5,5,5,5,5,5,5,5,Khao sat that
1522,4,2,2,2,2,3,3,3,3,3,3,5,3,5,5,5,5,5,5,5,5,5,Khao sat that
1523,4,2,2,2,2,3,3,2,2,3,3,5,3,5,5,5,5,5,5,5,5,5,Khao sat that
1524,4,2,2,2,2,3,3,3,3,3,2,5,3,5,5,5,5,5,5,5,5,5,Khao sat that
1525,4,2,2,2,2,4,4,4,4,3,2,5,3,3,3,3,3,3,3,3,3,3,Khao sat that
1526,4,2,2,2,2,4,4,1,1,2,3,5,3,3,3,4,4,2,3,4,2,2,Khao sat that
1527,4,2,2,2,2,3,3,3,3,3,3,5,3,5,5,5,5,5,5,5,5,5,Khao sat that
1528,4,2,2,2,2,6,6,4,4,5,2,5,2,3,3,3,3,3,3,3,3,3,Khao sat that
1529,4,2,2,2,2,4,4,4,4,4,3,5,3,2,3,3,3,3,3,3,3,3,Khao sat that
1530,4,2,2,2,2,2,2,3,3,2,2,5,3,3,3,3,3,3,3,3,3,3,Khao sat that
1531,4,2,1,1,2,1,1,3,3,3,3,5,3,4,4,4,4,4,4,4,4,4,Khao sat that
1532,4,2,2,2,2,4,4,4,4,2,3,5,3,3,3,3,3,3,3,3,3,3,Khao sat that
1533,4,2,2,2,2,5,5,1,1,5,2,5,3,3,3,3,3,3,3,3,3,3,Khao sat that
1534,4,2,2,2,2,1,4,4,2,3,2,5,3,3,3,3,3,4,3,3,3,5,Khao sat that
1535,4,2,2,2,2,3,3,3,3,3,3,5,3,5,5,5,5,5,5,5,5,5,Khao sat that
1536,4,2,2,2,2,4,4,4,4,2,3,5,4,2,3,3,3,3,3,3,3,3,Khao sat that
1537,4,2,2,2,2,3,3,3,3,3,3,5,3,5,5,5,5,5,5,5,5,5,Khao sat that
1538,4,2,2,2,2,4,4,4,4,2,3,5,3,3,3,3,3,3,3,3,3,3,Khao sat that
1539,4,2,2,2,2,5,5,3,3,5,2,5,3,3,3,4,4,4,4,4,4,4,Khao sat that
1540,4,2,2,2,2,6,6,4,4,5,2,5,3,3,3,3,3,3,3,3,3,3,Khao sat that
1541,4,2,1,1,2,5,4,4,4,5,3,5,3,4,3,3,3,3,3,3,3,3,Khao sat that
1542,4,2,2,2,2,4,4,4,4,2,2,5,3,3,3,3,3,3,3,3,3,3,Khao sat that
1543,4,2,2,2,2,4,4,4,4,2,3,5,3,3,3,3,3,3,3,3,3,3,Khao sat that
1544,4,2,2,2,2,4,4,4,4,2,3,5,3,3,3,3,3,3,3,3,3,3,Khao sat that
1545,4,2,2,2,2,4,4,4,4,4,2,5,3,3,3,3,3,3,3,3,3,4,Khao sat that
1546,4,2,2,2,2,4,4,4,4,2,3,5,3,3,3,3,3,3,3,3,3,3,Khao sat that
1547,4,2,1,1,2,4,4,4,4,2,3,5,3,3,3,3,3,3,3,4,3,3,Khao sat that
1548,4,2,2,2,2,4,4,4,4,2,2,5,3,3,3,3,3,3,3,3,3,4,Khao sat that
1549,4,2,2,2,2,4,4,4,4,2,3,5,3,3,3,3,3,3,3,3,4,3,Khao sat that
1550,4,2,2,2,2,4,4,4,4,2,2,5,4,3,3,3,3,3,3,3,3,3,Khao sat that
1551,4,2,2,2,2,4,4,4,4,3,3,5,3,3,3,3,3,3,3,3,3,3,Khao sat that
1552,4,2,2,2,2,4,4,4,4,3,3,5,4,4,3,3,3,3,3,3,3,3,Khao sat that
1553,4,2,2,2,2,4,4,4,4,2,2,5,5,4,3,3,3,3,3,3,3,3,Khao sat that
1554,4,2,2,2,2,3,4,3,1,3,3,5,5,4,4,5,5,5,5,5,4,4,Khao sat that
1555,4,2,1,2,2,4,4,3,3,2,2,5,3,2,3,4,4,4,4,4,4,4,Khao sat that
1556,4,2,2,2,2,3,3,3,3,3,2,5,3,5,4,4,4,4,4,4,3,3,Khao sat that
1557,4,2,2,2,2,5,4,1,3,5,1,5,4,4,3,4,4,5,5,5,4,5,Khao sat that
1558,4,2,2,2,2,6,6,1,1,4,2,5,3,4,4,4,4,4,4,4,4,4,Khao sat that
1559,4,2,2,2,2,1,3,1,1,3,3,5,3,4,4,3,5,5,5,5,5,4,Khao sat that
1560,4,2,2,2,2,3,4,3,1,3,3,5,5,4,4,5,5,5,5,5,4,4,Khao sat that
1561,4,1,1,2,2,4,4,3,3,5,2,5,3,3,3,3,3,3,3,3,3,3,Khao sat that
1562,4,2,2,2,2,4,4,4,4,1,2,5,3,3,3,3,3,3,3,3,3,3,Khao sat that
1563,4,2,2,2,2,3,3,3,3,3,4,5,3,5,4,4,4,4,4,4,3,3,Khao sat that
1564,4,1,1,2,2,4,4,3,3,5,2,5,3,3,3,3,3,3,3,3,3,3,Khao sat that
1565,4,2,2,2,2,5,5,3,3,3,2,5,4,3,4,4,2,2,2,3,3,3,Khao sat that
1566,4,2,2,2,2,4,4,4,4,4,2,5,3,3,3,3,3,3,3,3,3,3,Khao sat that
1567,4,2,2,2,2,3,3,3,3,3,2,5,3,5,4,4,4,4,4,4,3,3,Khao sat that
1568,4,2,2,2,2,2,2,3,3,4,1,5,4,4,4,4,4,4,4,3,5,3,Khao sat that
1569,4,2,2,2,2,3,3,3,3,3,2,5,3,5,4,4,4,4,4,4,3,3,Khao sat that
1570,4,2,2,2,2,3,2,3,3,2,3,5,3,3,4,5,5,4,5,4,3,4,Khao sat that
1571,5,2,2,2,2,3,5,1,1,1,2,4,3,3,3,4,4,1,5,5,3,3,Khao sat that
1572,5,2,2,2,2,3,1,1,4,1,3,5,4,4,4,4,3,1,5,4,4,3,Khao sat that
1573,5,2,2,2,2,3,2,1,3,3,1,5,4,5,5,4,5,1,5,3,3,3,Khao sat that
1574,5,2,2,2,2,5,1,2,2,4,2,5,4,4,5,4,4,1,5,4,4,3,Khao sat that
1575,5,2,2,2,2,5,5,3,1,2,2,4,3,3,4,4,5,1,5,5,3,3,Khao sat that
1576,5,2,2,2,2,5,3,4,3,3,3,5,3,5,3,4,5,1,5,2,4,3,Khao sat that
1577,5,2,2,2,2,1,4,2,4,4,3,5,5,1,3,4,3,1,5,3,4,3,Khao sat that
1578,5,2,2,2,2,5,5,3,2,3,2,5,3,2,4,4,4,1,5,4,4,3,Khao sat that
1579,5,2,2,2,2,2,4,3,1,1,2,5,5,3,5,4,5,1,5,5,4,3,Khao sat that
1580,5,2,2,2,2,5,4,1,3,2,2,5,3,4,5,5,4,1,5,4,4,5,Khao sat that
1581,5,2,2,2,2,5,5,2,4,4,2,5,4,5,5,4,4,3,3,3,4,5,Khao sat that
1582,5,2,2,2,2,4,5,4,1,2,1,4,4,4,3,3,4,1,5,2,3,5,Khao sat that
1583,5,2,2,2,2,5,5,1,2,3,2,5,4,3,4,4,5,1,4,3,3,5,Khao sat that
1584,5,2,2,2,2,4,5,2,4,3,3,5,4,4,5,5,5,3,4,4,3,4,Khao sat that
1585,5,2,2,2,2,4,3,4,4,1,5,5,3,3,3,4,4,3,3,5,5,3,Khao sat that
1586,5,2,2,2,2,5,3,3,3,4,2,5,3,4,5,3,3,1,1,5,5,3,Khao sat that
1587,5,2,2,2,2,5,2,2,2,3,4,5,4,5,4,4,3,4,5,5,5,4,Khao sat that
1588,5,2,2,2,2,4,3,1,3,2,5,5,4,4,3,5,4,3,4,5,3,4,Khao sat that
1589,5,2,2,2,2,3,5,1,1,2,5,5,5,3,4,3,4,1,3,5,4,5,Khao sat that
1590,5,2,1,2,2,3,5,1,1,3,2,5,3,2,4,4,4,2,2,5,5,5,Khao sat that
1591,5,2,1,2,2,2,5,3,4,1,2,5,5,3,5,5,4,2,4,2,5,4,Khao sat that
1592,5,2,2,2,2,5,5,4,4,2,2,5,3,4,2,4,4,1,5,2,3,2,Khao sat that
1593,5,2,2,2,2,5,5,3,2,2,1,5,3,1,5,4,4,2,4,2,4,2,Khao sat that
1594,5,2,2,2,2,5,2,4,4,3,3,5,3,4,5,5,5,2,2,2,5,4,Khao sat that
1595,5,2,2,2,2,3,1,4,4,2,4,5,4,5,5,4,5,1,5,1,5,1,Khao sat that
1596,5,2,2,2,2,2,5,4,4,2,2,5,4,5,5,3,5,5,5,2,3,4,Khao sat that
1597,5,2,2,2,2,5,3,2,2,2,3,5,4,5,5,4,5,3,3,2,2,3,Khao sat that
1598,5,2,2,2,2,3,4,1,1,2,4,5,5,3,3,4,5,1,1,3,3,5,Khao sat that
1599,5,2,2,2,2,1,5,1,2,1,3,5,5,4,2,4,5,4,5,3,4,4,Khao sat that
1600,5,2,2,2,2,3,4,3,3,2,1,5,5,4,4,4,5,3,4,4,4,3,Khao sat that
1601,5,2,1,2,2,3,4,3,3,3,2,5,5,2,3,2,4,3,2,5,4,2,Khao sat that
1602,5,2,2,2,2,3,5,2,3,2,4,4,4,3,3,3,4,4,4,4,4,1,Khao sat that
1603,5,2,1,2,2,3,5,4,4,2,2,5,4,3,2,3,4,1,1,3,4,1,Khao sat that
1604,5,2,2,2,2,3,5,2,1,1,3,5,4,5,4,4,4,3,4,4,3,4,Khao sat that
1605,5,2,2,2,2,5,5,3,3,2,3,5,4,5,4,4,5,5,5,5,5,4,Khao sat that
1606,5,2,2,2,2,5,5,1,1,1,2,5,4,5,4,4,5,5,5,5,4,4,Khao sat that
1607,5,2,1,2,2,5,5,5,2,5,3,5,4,5,5,5,5,5,5,5,5,5,Khao sat that
1608,5,1,2,2,2,5,5,1,1,1,2,5,3,5,5,5,5,5,5,5,5,5,Khao sat that
1609,5,2,2,2,2,5,5,1,1,1,2,5,3,5,4,4,5,5,5,5,4,4,Khao sat that
1610,5,2,2,2,2,5,4,2,3,1,3,5,3,4,4,4,4,4,4,4,3,4,Khao sat that
1611,5,1,2,2,2,5,5,1,1,1,1,5,4,5,5,5,5,5,5,5,5,5,Khao sat that
1612,5,2,2,2,2,3,5,3,1,1,3,5,3,5,4,4,4,3,4,4,3,4,Khao sat that
1613,5,2,2,2,2,5,4,2,3,1,3,5,4,4,4,4,4,4,4,4,3,4,Khao sat that
1614,5,2,2,2,2,5,5,1,1,1,2,5,4,5,4,4,5,5,5,5,4,4,Khao sat that
1615,5,2,2,2,2,5,5,1,1,1,4,4,3,5,5,5,5,5,5,5,5,5,Khao sat that
1616,5,2,2,2,2,3,5,2,1,1,3,5,3,4,4,4,4,4,4,4,3,4,Khao sat that
1617,5,2,2,2,2,3,4,2,2,1,3,5,3,5,5,5,5,5,5,5,5,5,Khao sat that
1618,5,2,2,2,2,3,5,2,1,1,3,5,4,5,4,4,4,3,4,4,3,4,Khao sat that
1619,5,2,2,2,2,5,5,1,1,2,2,5,4,5,5,5,5,5,4,5,5,4,Khao sat that
1620,5,2,2,2,2,3,4,3,3,2,2,5,4,3,4,5,4,5,5,5,5,4,Khao sat that
1621,5,2,2,2,2,5,4,1,1,1,1,5,3,4,4,4,4,4,4,4,3,3,Khao sat that
1622,5,2,2,2,2,5,4,2,3,2,2,5,3,4,4,5,5,4,5,5,4,5,Khao sat that
1623,5,2,2,2,2,5,5,3,3,2,2,5,3,3,4,4,4,5,3,3,3,3,Khao sat that
1624,5,2,2,2,2,5,5,1,2,2,3,4,4,5,4,4,5,5,5,5,5,4,Khao sat that
1625,5,2,2,2,2,3,5,2,1,1,1,5,4,4,4,4,4,4,4,4,4,4,Khao sat that
1626,5,2,2,2,2,5,4,2,3,2,3,5,3,4,4,4,4,4,4,4,3,4,Khao sat that
1627,5,2,2,2,2,5,5,3,3,2,3,4,3,5,4,4,5,5,5,5,5,4,Khao sat that
1628,5,2,2,2,2,5,5,1,1,1,2,4,4,5,4,4,5,5,5,5,4,4,Khao sat that
1629,5,2,2,2,2,3,5,3,1,1,3,5,4,4,4,4,4,4,4,4,3,4,Khao sat that
1630,5,2,1,2,2,5,5,1,1,1,1,5,4,5,5,5,5,5,5,5,5,5,Khao sat that
1631,5,2,2,2,2,5,5,1,1,2,2,5,3,4,4,4,5,5,5,4,4,4,Khao sat that
1632,5,1,2,2,2,6,6,1,1,3,2,5,3,1,5,5,5,5,5,5,5,5,Khao sat that
1633,5,2,2,2,2,5,3,3,3,2,3,5,4,3,3,3,3,3,3,4,3,3,Khao sat that
1634,5,2,2,2,2,2,3,2,2,1,2,5,4,3,3,4,4,3,4,3,5,3,Khao sat that
1635,5,2,1,2,2,5,5,4,4,4,2,5,3,5,5,5,5,5,5,5,4,5,Khao sat that
1636,5,2,2,2,2,3,5,2,1,1,3,5,4,4,4,4,4,4,4,4,4,3,Khao sat that
1637,5,2,1,2,2,5,5,4,4,4,5,2,3,5,5,5,5,5,5,5,5,5,Khao sat that
1638,5,2,2,2,2,5,3,3,3,2,3,3,4,3,3,3,3,3,3,3,3,3,Khao sat that
1639,5,2,1,2,2,6,6,4,4,5,3,4,3,5,5,5,5,5,5,5,5,5,Khao sat that
1640,5,2,1,2,2,5,5,3,3,5,5,4,3,1,5,5,5,5,5,5,5,5,Khao sat that
1641,5,2,2,2,2,3,3,3,3,2,3,3,3,3,3,3,3,3,3,3,3,3,Khao sat that
1642,5,1,2,2,2,4,4,3,3,2,2,4,3,3,3,3,3,3,3,3,3,3,Khao sat that
1643,5,1,2,2,2,6,6,4,4,3,4,4,3,3,3,3,3,3,3,3,5,3,Khao sat that
1644,5,2,2,2,2,6,6,4,4,3,3,4,3,3,3,3,3,3,3,3,3,3,Khao sat that
1645,5,2,2,2,2,6,6,3,3,2,5,4,4,1,1,5,5,5,5,5,5,5,Khao sat that
1646,5,2,2,2,2,4,3,1,2,3,4,5,3,3,3,3,3,3,3,3,3,4,Khao sat that
1647,5,2,2,2,2,3,3,3,3,5,4,4,4,3,3,3,3,3,3,3,3,3,Khao sat that
1648,5,2,2,2,2,3,3,3,3,3,5,5,3,3,3,3,3,3,3,3,3,3,Khao sat that
1649,5,2,2,2,2,3,3,2,2,4,5,5,3,3,4,4,4,4,4,4,4,4,Khao sat that
1650,5,2,2,2,2,5,5,1,1,4,5,5,3,3,4,4,4,4,4,4,3,4,Khao sat that
1651,5,1,2,2,2,5,5,1,2,2,5,4,3,3,4,4,4,4,4,4,5,5,Khao sat that
1652,5,2,2,2,2,4,4,3,2,2,5,5,3,3,3,3,4,4,4,4,4,4,Khao sat that
1653,5,2,2,2,2,5,4,3,3,2,5,5,3,4,3,3,4,4,4,4,3,3,Khao sat that
1654,5,2,2,2,2,6,6,4,4,3,3,4,4,4,4,3,3,3,3,3,3,4,Khao sat that
1655,5,1,2,2,2,3,3,3,3,1,4,5,4,3,3,4,4,5,5,4,3,3,Khao sat that
1656,5,1,2,2,2,4,4,4,4,2,4,5,3,2,3,5,4,5,5,4,3,3,Khao sat that
1657,5,2,2,2,2,3,3,3,2,1,2,5,3,3,3,4,4,5,5,4,3,3,Khao sat that
1658,5,2,2,2,2,3,3,3,3,2,3,5,3,3,3,5,4,5,5,4,3,3,Khao sat that
1659,5,2,2,2,2,3,3,2,2,2,3,5,3,3,3,4,4,5,5,5,3,3,Khao sat that
1660,5,2,2,2,2,2,2,2,2,2,3,5,3,3,3,5,5,5,5,4,3,3,Khao sat that
1661,5,2,2,2,2,3,3,2,2,2,2,5,3,3,3,5,4,5,5,5,3,3,Khao sat that
1662,5,2,1,2,2,5,5,4,4,2,2,5,5,5,5,5,5,5,5,5,4,5,Khao sat that
1663,5,2,2,2,2,3,3,2,2,2,3,5,3,3,3,4,4,5,5,5,3,3,Khao sat that
1664,5,1,2,2,2,3,4,2,2,2,3,5,4,3,3,5,5,5,5,5,3,3,Khao sat that
1665,5,2,2,2,2,4,4,2,2,1,3,5,3,3,3,4,5,5,5,4,3,3,Khao sat that
1666,5,2,2,2,2,4,4,2,2,2,2,5,3,3,3,5,4,5,5,4,3,3,Khao sat that
1667,5,2,2,2,2,4,4,2,2,2,3,5,4,3,3,5,4,5,5,5,3,3,Khao sat that
1668,5,2,2,2,2,4,4,2,2,2,3,5,4,4,4,5,5,5,5,5,4,3,Khao sat that
1669,5,2,1,2,2,5,5,4,4,1,3,5,4,5,5,5,5,5,5,4,5,4,Khao sat that
1670,5,2,1,2,2,5,4,4,4,2,2,5,3,5,5,5,5,5,5,5,5,5,Khao sat that
1671,5,2,1,2,2,5,5,4,4,3,3,5,3,5,5,5,4,5,5,5,5,5,Khao sat that
1672,5,2,2,2,2,3,3,3,2,1,3,5,4,4,3,4,4,4,4,4,3,4,Khao sat that
1673,5,2,2,2,2,2,2,3,2,1,4,5,4,3,4,4,3,5,5,4,4,3,Khao sat that
1674,5,2,2,2,2,2,2,2,3,1,3,5,3,3,3,4,4,4,5,3,3,4,Khao sat that
1675,5,2,2,2,2,3,2,4,3,1,5,5,3,3,4,3,4,5,4,4,4,4,Khao sat that
1676,5,2,2,2,2,2,3,3,2,1,2,5,4,4,4,5,4,5,4,4,4,4,Khao sat that
1677,5,2,2,2,2,3,3,2,3,2,4,5,3,3,2,4,4,5,5,4,4,3,Khao sat that
1678,5,2,2,2,2,3,4,2,1,1,3,5,3,2,3,4,4,5,4,4,5,3,Khao sat that
1679,5,2,2,2,2,2,3,2,2,1,3,3,4,2,4,3,4,5,5,4,5,3,Khao sat that
1680,5,2,2,2,2,5,5,1,1,5,5,5,4,5,5,5,5,5,5,5,4,3,Khao sat that
1681,5,2,2,2,2,5,5,2,1,3,4,5,5,5,5,5,5,5,5,5,4,3,Khao sat that
1682,5,2,2,2,2,5,4,1,2,2,4,5,3,5,5,5,5,5,5,5,5,5,Khao sat that
1683,5,2,2,2,2,5,5,1,1,2,4,5,3,5,5,5,5,5,5,5,5,4,Khao sat that
1684,5,2,1,2,1,2,2,3,3,1,4,5,4,4,4,4,4,4,4,4,4,4,Khao sat that
1685,5,2,2,2,2,5,5,2,1,3,3,5,3,4,4,4,4,4,4,4,4,4,Khao sat that
1686,5,2,2,2,2,5,5,2,1,3,4,5,3,4,4,4,4,4,4,4,4,4,Khao sat that
1687,5,1,2,2,2,5,5,1,1,3,3,5,3,4,5,5,5,5,5,5,3,3,Khao sat that
1688,5,2,1,2,2,2,3,2,4,2,1,5,4,3,3,4,5,4,4,5,4,4,Khao sat that
1689,5,2,2,2,2,1,2,3,2,4,2,5,3,3,3,4,5,5,5,5,5,4,Khao sat that
1690,5,2,1,1,2,3,2,4,3,1,1,5,3,3,4,4,4,5,5,5,5,3,Khao sat that
1691,5,2,2,2,2,3,3,2,2,3,2,5,4,4,3,4,4,5,5,5,5,4,Khao sat that
1692,5,2,2,2,2,2,2,3,3,4,2,5,3,3,4,5,5,5,5,4,5,4,Khao sat that
1693,5,2,2,2,2,5,3,3,3,1,2,5,3,3,3,3,3,3,3,3,3,3,Khao sat that
1694,5,2,2,2,2,3,3,3,3,2,2,5,5,3,4,5,5,4,5,4,4,4,Khao sat that
1695,5,1,2,2,2,3,3,3,1,2,2,5,3,2,3,3,3,3,3,3,3,3,Khao sat that
1696,5,2,2,2,2,3,3,1,1,1,2,5,5,3,4,4,4,4,5,4,4,4,Khao sat that
1697,5,1,2,2,2,3,3,3,3,1,2,5,3,2,3,3,3,3,3,3,3,3,Khao sat that
1698,5,1,2,2,2,5,3,3,3,2,2,5,2,4,4,4,4,4,4,4,4,4,Khao sat that
1699,5,2,2,2,2,5,3,3,3,3,2,5,3,3,3,3,4,5,4,4,4,4,Khao sat that
1700,5,1,2,2,2,5,3,3,3,2,2,5,2,4,4,4,4,4,4,4,4,4,Khao sat that
1701,5,2,2,2,2,3,3,2,2,1,3,5,5,3,4,4,5,4,5,4,4,4,Khao sat that
1702,5,2,2,2,2,3,3,1,1,1,2,5,5,3,4,4,4,4,5,4,4,4,Khao sat that
1703,5,1,2,2,2,5,3,3,1,2,3,5,2,4,4,4,4,4,4,4,4,4,Khao sat that
1704,5,2,2,2,2,5,3,3,3,1,3,5,3,3,3,3,3,3,3,3,3,3,Khao sat that
1705,5,2,2,2,2,3,3,3,3,2,2,5,5,3,4,5,5,4,5,4,4,4,Khao sat that
1706,4,2,1,2,2,1,1,1,1,1,1,5,4,3,3,4,3,5,5,4,4,5,Khao sat that
1707,4,1,2,2,2,1,4,4,4,2,2,5,3,3,3,3,4,4,5,3,4,3,Khao sat that
1708,4,2,1,2,2,5,5,3,1,2,1,5,4,3,5,5,5,5,5,5,5,5,Khao sat that
1709,4,2,2,2,2,5,5,4,4,1,3,5,3,3,4,5,4,4,4,5,4,3,Khao sat that
1710,4,1,2,2,2,5,4,4,3,1,2,5,4,5,4,4,4,4,4,3,4,3,Khao sat that
1711,4,2,1,2,2,1,1,1,1,1,1,5,3,3,3,3,5,4,4,3,4,4,Khao sat that
1712,4,2,2,2,2,3,3,3,3,2,3,5,3,4,4,4,5,4,4,4,3,3,Khao sat that
1713,4,2,1,2,2,1,1,1,1,1,1,5,3,2,3,4,4,4,5,5,4,4,Khao sat that
1714,4,2,2,2,2,3,3,3,3,1,3,5,3,3,4,4,5,4,4,4,4,4,Khao sat that
1715,4,2,2,2,2,4,4,4,3,1,3,5,4,3,4,4,5,3,4,4,5,3,Khao sat that
1716,4,2,2,2,2,5,5,4,4,2,2,5,3,4,4,4,5,5,5,4,4,4,Khao sat that
1717,4,1,2,2,2,2,5,3,4,1,2,5,3,4,4,4,4,5,5,4,5,3,Khao sat that
1718,4,2,1,1,2,2,2,3,3,2,2,5,3,3,3,3,5,4,4,4,5,4,Khao sat that
1719,5,2,2,2,2,2,2,2,2,2,2,5,3,4,4,4,4,4,4,4,4,4,Khao sat that
1720,5,2,1,2,2,4,4,2,1,2,3,5,3,3,3,5,5,5,5,5,3,3,Khao sat that
1721,5,2,1,2,2,4,4,2,2,3,4,5,3,4,3,5,5,5,5,5,5,4,Khao sat that
1722,5,2,2,2,2,3,3,4,4,4,5,5,3,4,3,3,4,5,5,5,5,4,Khao sat that
1723,5,2,2,2,2,1,2,2,2,2,4,5,3,4,4,4,4,4,4,4,4,4,Khao sat that
1724,5,2,2,2,2,1,4,4,3,1,5,5,4,2,3,4,3,5,3,4,3,5,Khao sat that
1725,5,1,1,2,1,6,6,3,3,4,3,5,3,4,3,3,5,3,4,4,4,4,Khao sat that
1726,5,2,1,2,2,4,4,1,1,2,3,5,4,4,3,5,3,5,5,5,3,3,Khao sat that
1727,5,1,1,1,2,3,3,3,3,4,5,5,3,3,3,4,5,4,4,4,4,4,Khao sat that
1728,5,1,1,1,2,5,5,3,1,5,5,5,3,5,5,5,5,5,5,5,5,5,Khao sat that
1729,5,2,2,2,2,4,4,1,1,2,2,5,3,2,3,5,5,3,4,4,5,3,Khao sat that
1730,5,2,2,2,2,3,3,2,2,1,3,5,4,2,3,5,4,5,5,5,5,4,Khao sat that
1731,5,2,1,2,2,4,3,3,3,5,4,5,3,4,3,4,4,4,5,5,4,4,Khao sat that
1732,5,2,1,2,2,5,4,4,3,5,4,5,3,4,3,4,5,5,4,4,4,4,Khao sat that
1733,5,2,2,2,2,2,2,2,2,3,3,5,3,3,3,5,3,3,5,5,3,3,Khao sat that
1734,5,2,1,1,2,3,3,3,3,2,4,5,3,3,3,4,4,4,4,4,4,3,Khao sat that
1735,5,2,1,2,2,5,4,4,3,5,4,5,3,3,3,4,5,5,4,4,4,4,Khao sat that
1736,5,2,2,2,2,4,4,1,2,4,4,5,3,3,5,5,5,5,4,5,4,5,Khao sat that
1737,5,2,1,2,2,3,3,3,3,4,4,5,3,3,3,5,5,5,5,5,5,5,Khao sat that
1738,5,2,2,2,2,3,3,2,2,2,3,5,3,2,3,5,5,5,5,5,5,4,Khao sat that
1739,5,2,2,2,2,1,2,2,3,3,2,5,3,4,3,4,4,4,4,4,4,4,Khao sat that
1740,5,2,1,2,2,4,4,4,3,4,4,5,3,3,3,3,3,4,5,4,4,4,Khao sat that
1741,5,2,1,2,2,4,4,3,3,3,5,5,4,4,4,4,4,4,4,4,4,3,Khao sat that
1742,5,2,1,1,2,2,1,3,3,1,4,5,3,3,4,4,4,5,4,3,4,5,Khao sat that
1743,5,2,2,2,2,5,4,4,4,4,3,5,3,4,4,4,3,5,5,5,5,3,Khao sat that
1744,5,2,1,2,2,3,3,2,2,3,4,5,3,3,3,5,5,5,5,5,5,5,Khao sat that
1745,5,2,2,2,2,2,2,3,3,3,3,5,3,3,3,5,3,5,5,5,3,4,Khao sat that
1746,5,2,2,2,2,4,4,1,2,4,4,5,3,3,5,5,5,5,4,5,4,5,Khao sat that
1747,5,2,1,2,2,5,4,4,3,5,4,5,3,3,3,4,5,5,4,4,4,4,Khao sat that
1748,5,2,2,2,2,1,1,3,3,2,3,5,3,3,3,5,3,5,3,5,3,3,Khao sat that
1749,5,2,2,2,2,2,2,3,3,3,4,5,4,3,3,5,5,5,5,5,3,3,Khao sat that
1750,5,2,2,2,2,2,3,1,1,1,2,5,3,4,4,4,4,4,4,4,4,4,Khao sat that
1751,5,1,2,2,2,3,3,2,2,3,3,5,3,3,3,5,5,4,4,5,5,5,Khao sat that
1752,5,2,2,2,2,5,5,4,4,4,4,5,3,4,3,5,4,4,5,5,3,4,Khao sat that
1753,5,2,1,1,2,2,1,4,4,2,4,5,3,4,3,4,4,4,5,5,3,4,Khao sat that
1754,5,2,1,2,2,1,1,1,1,3,4,5,3,2,3,5,5,5,4,5,5,4,Khao sat that
1755,5,2,2,2,2,1,2,2,3,3,2,5,3,4,3,4,4,4,4,4,4,4,Khao sat that
1756,5,2,1,2,2,4,4,1,1,4,3,5,3,2,3,3,5,4,5,4,4,4,Khao sat that
1757,5,2,2,2,2,2,2,2,2,3,3,5,3,4,3,5,4,5,5,5,3,4,Khao sat that
1758,5,2,2,2,2,3,3,3,3,5,3,5,3,4,4,4,4,3,3,5,3,3,Khao sat that
1759,5,2,1,1,2,2,1,3,3,1,4,5,3,4,3,5,4,5,4,4,3,4,Khao sat that
1760,5,2,2,2,2,4,5,4,3,4,5,5,3,4,3,3,5,4,5,4,5,4,Khao sat that
1761,5,2,2,2,2,2,2,2,2,2,3,5,4,4,4,4,4,4,4,4,4,4,Khao sat that
1762,5,2,2,2,2,5,5,4,4,4,4,5,3,4,3,5,4,4,5,5,5,3,Khao sat that
1763,5,2,2,2,2,2,2,3,3,3,5,5,3,3,3,4,5,5,5,5,5,4,Khao sat that
1764,5,1,2,2,2,3,3,2,2,3,3,5,3,2,4,5,5,4,4,4,4,5,Khao sat that
1765,5,2,2,2,2,2,2,2,2,2,4,5,3,4,4,4,4,4,4,4,4,4,Khao sat that
1766,5,2,2,2,2,3,3,2,2,4,3,5,5,3,3,5,4,3,5,5,3,4,Khao sat that
1767,5,2,2,2,2,3,3,1,1,2,2,5,3,3,4,5,5,5,4,5,5,4,Khao sat that
1768,5,2,1,1,2,2,2,3,3,2,4,5,2,5,3,5,5,3,5,5,4,4,Khao sat that
1769,5,2,2,2,2,2,2,2,2,3,3,5,3,1,3,5,5,4,5,5,5,5,Khao sat that
1770,5,2,1,2,2,4,3,4,3,2,4,5,2,4,3,5,4,5,5,5,3,3,Khao sat that
1771,5,2,2,2,2,4,4,1,2,2,3,5,3,4,3,5,5,5,5,5,5,4,Khao sat that
1772,5,2,2,2,2,2,2,2,3,3,3,5,2,3,3,4,3,3,5,5,3,5,Khao sat that
1773,5,2,2,2,2,5,5,4,1,2,2,5,5,5,4,4,5,5,5,4,4,4,Khao sat that
1774,5,1,1,1,2,5,5,3,1,5,5,5,3,5,5,5,5,5,5,5,5,5,Khao sat that
1775,5,1,2,2,2,2,4,2,2,1,2,5,3,3,3,4,5,5,5,5,5,3,Khao sat that
1776,5,2,1,2,2,2,2,3,3,3,5,5,4,3,3,4,4,5,5,4,4,3,Khao sat that
1777,5,1,2,2,2,1,1,2,2,3,3,5,3,4,3,5,5,4,5,4,3,5,Khao sat that
1778,5,2,2,2,2,3,3,3,3,1,5,5,3,3,4,3,5,5,5,5,4,4,Khao sat that
1779,5,2,1,1,2,5,1,1,3,3,4,5,3,3,3,5,5,5,5,5,5,4,Khao sat that
1780,5,2,1,2,2,5,3,3,3,3,2,5,4,4,4,3,5,5,5,5,3,5,Khao sat that
1781,5,2,1,1,2,3,4,3,1,3,4,5,3,4,4,4,5,4,5,5,5,4,Khao sat that
1782,5,2,1,2,1,1,3,4,1,3,3,5,3,4,2,5,5,5,5,4,5,4,Khao sat that
1783,5,2,2,2,2,1,2,2,3,3,3,5,3,3,3,5,3,5,5,5,5,3,Khao sat that
1784,5,2,2,2,2,1,2,1,2,2,5,5,3,3,3,5,3,5,5,4,3,3,Khao sat that
1785,5,2,1,2,2,4,4,4,4,4,5,5,3,3,4,4,4,5,4,5,4,3,Khao sat that
1786,5,2,1,1,2,2,2,3,3,1,5,5,3,4,3,5,4,4,4,4,5,4,Khao sat that
1787,5,2,2,2,2,1,1,2,2,1,2,5,3,3,3,5,5,4,5,4,4,5,Khao sat that
1788,5,2,1,1,2,2,6,3,3,3,3,5,3,3,3,3,4,3,5,5,3,3,Khao sat that
1789,5,2,1,2,1,3,2,3,3,2,5,5,3,2,4,4,4,4,4,4,5,4,Khao sat that
1790,5,2,2,2,2,2,2,2,3,2,5,5,2,3,3,3,5,3,5,5,5,4,Khao sat that
1791,5,2,2,2,2,2,2,2,2,2,3,5,3,3,3,5,3,5,4,3,3,4,Khao sat that
1792,5,2,2,2,2,2,2,2,2,3,2,5,3,3,4,4,3,4,5,4,4,5,Khao sat that
1793,5,2,2,2,2,2,3,1,1,3,3,5,3,4,4,4,4,5,4,4,4,4,Khao sat that
1794,5,2,2,2,2,2,2,1,2,3,2,5,3,4,4,4,4,4,4,4,4,4,Khao sat that
1795,5,2,1,1,2,3,3,3,3,3,3,5,3,4,3,3,3,5,5,4,3,3,Khao sat that
1796,5,2,1,2,2,5,5,2,2,3,4,5,4,3,3,4,5,5,5,4,3,3,Khao sat that
1797,5,2,1,2,2,3,3,2,2,4,5,5,3,4,3,3,4,4,4,4,4,4,Khao sat that
1798,5,2,1,2,2,5,4,4,4,5,5,5,3,4,3,4,5,5,4,4,4,4,Khao sat that
1799,5,2,1,2,2,2,3,2,2,2,3,5,3,4,4,5,4,5,5,4,3,4,Khao sat that
1800,5,2,2,2,2,4,4,3,3,4,5,5,3,4,4,4,4,4,4,4,4,3,Khao sat that
1801,5,2,2,2,2,3,3,2,2,1,3,5,3,2,4,5,5,5,5,4,5,4,Khao sat that
1802,5,2,2,2,2,3,3,2,2,3,5,5,3,3,4,5,4,5,4,4,5,5,Khao sat that
1803,5,2,1,1,2,4,3,3,4,3,4,5,3,3,3,4,4,5,3,5,3,4,Khao sat that
1804,5,2,2,2,2,4,5,4,3,4,5,5,3,4,3,5,5,4,3,4,5,4,Khao sat that
1805,5,2,2,2,2,5,4,2,2,2,2,5,4,4,3,5,3,4,4,4,4,4,Khao sat that
1806,5,2,2,2,2,2,3,3,3,1,1,5,3,3,4,5,3,4,5,4,3,3,Khao sat that
1807,5,2,2,2,2,5,3,1,3,2,2,5,5,3,4,4,4,4,5,3,5,4,Khao sat that
1808,5,2,2,2,2,2,1,2,2,2,2,5,3,3,3,3,5,5,5,5,3,4,Khao sat that
1809,4,2,2,2,2,2,2,2,2,2,2,5,3,4,4,4,4,4,4,4,4,4,Khao sat that
1810,4,2,1,2,2,5,4,4,3,5,3,5,3,1,3,4,5,5,4,4,4,4,Khao sat that
1811,4,2,2,2,2,2,2,2,2,2,3,5,4,4,4,4,4,4,4,4,4,4,Khao sat that
1812,4,2,1,1,2,2,2,3,3,1,3,5,3,4,3,5,3,4,4,4,2,4,Khao sat that
1813,4,2,1,2,2,2,3,2,2,2,2,2,3,4,2,2,3,2,2,2,3,2,Khao sat that
1814,4,2,2,2,2,3,3,3,3,5,2,5,3,4,4,4,4,3,3,3,3,3,Khao sat that
1815,4,2,2,2,2,2,2,2,3,2,3,5,2,1,3,3,3,3,3,3,2,1,Khao sat that
1816,4,2,2,2,2,2,2,2,2,3,3,5,3,1,3,3,3,3,3,3,3,3,Khao sat that
1817,4,2,2,2,2,2,2,3,3,2,3,5,2,3,3,3,3,3,3,3,1,1,Khao sat that
1818,4,2,1,2,1,2,2,2,2,1,1,5,3,2,5,4,5,5,5,3,3,4,Khao sat that
1819,4,2,2,2,2,2,2,2,2,2,3,5,3,3,3,3,3,3,3,3,3,3,Khao sat that
1820,4,2,2,2,2,2,2,2,3,3,3,4,3,3,3,3,3,3,3,3,3,3,Khao sat that
1821,4,2,2,2,2,1,1,1,2,3,2,5,3,4,4,4,4,4,4,4,4,4,Khao sat that
1822,4,2,1,1,2,4,3,3,4,3,2,5,3,3,2,2,4,2,3,2,3,4,Khao sat that
1823,4,2,2,2,2,2,2,3,3,3,3,5,3,3,3,3,3,3,3,3,1,1,Khao sat that
1824,4,2,2,2,2,3,3,4,4,4,3,5,3,4,3,3,4,3,3,3,3,4,Khao sat that
1825,4,2,2,2,2,3,3,1,1,2,2,5,3,1,2,5,5,5,4,5,2,2,Khao sat that
1826,4,2,2,2,2,3,3,2,2,3,2,5,3,3,2,5,4,5,4,4,2,5,Khao sat that
1827,4,2,1,2,2,3,3,3,3,2,3,5,3,3,4,4,3,4,5,5,5,2,Khao sat that
1828,4,2,2,2,2,1,2,1,2,2,4,5,3,3,3,3,3,3,3,3,3,3,Khao sat that
1829,4,2,2,2,2,2,2,1,2,3,2,5,3,4,4,4,4,4,4,4,4,4,Khao sat that
1830,4,2,1,1,2,3,3,3,3,3,3,5,3,4,3,3,3,3,3,3,3,3,Khao sat that
1831,4,2,2,2,2,1,2,2,3,3,2,5,3,4,3,4,4,4,4,4,4,4,Khao sat that
1832,4,2,1,1,2,2,3,3,3,1,3,5,3,3,3,5,5,5,5,5,5,5,Khao sat that
1833,4,2,1,2,2,4,4,3,3,3,2,5,4,4,4,4,4,4,4,4,4,3,Khao sat that
1834,4,2,1,1,2,2,2,3,3,2,3,5,4,5,3,3,5,3,5,1,4,3,Khao sat that
1835,4,1,1,1,2,5,5,3,1,2,3,5,3,5,5,5,5,5,5,5,5,5,Khao sat that
1836,4,1,2,2,2,5,2,3,3,1,1,5,3,2,4,5,5,5,5,5,5,2,Khao sat that
1837,4,2,1,1,2,2,1,4,4,2,2,5,3,1,1,3,4,2,3,3,3,3,Khao sat that
1838,4,2,2,2,2,3,3,2,2,1,3,5,4,2,1,2,3,3,1,1,3,3,Khao sat that
1839,4,2,1,2,2,2,2,3,3,3,2,5,4,3,3,4,4,3,5,4,4,3,Khao sat that
1840,4,2,1,2,2,3,3,2,2,3,2,5,3,1,2,2,2,5,5,5,2,5,Khao sat that
1841,4,2,2,2,2,2,2,2,3,3,3,5,2,1,3,3,3,3,3,3,3,3,Khao sat that
1842,4,2,2,2,2,1,1,3,3,2,3,5,3,3,3,3,3,3,3,3,3,3,Khao sat that
1843,4,2,1,2,2,3,3,2,2,4,4,5,3,4,3,3,3,4,4,4,4,4,Khao sat that
1844,4,2,2,2,2,1,2,2,3,3,3,5,3,1,3,3,3,3,3,3,1,3,Khao sat that
1845,4,2,2,2,2,3,3,3,3,3,4,5,3,1,3,3,3,3,3,3,3,3,Khao sat that
1846,4,2,2,2,2,3,3,2,2,1,2,5,3,2,2,2,5,5,5,2,2,2,Khao sat that
1847,4,2,1,2,2,4,4,1,1,2,3,5,4,1,3,3,3,3,3,3,3,3,Khao sat that
1848,4,2,2,2,2,1,4,4,3,1,3,5,4,2,2,2,3,2,3,3,3,2,Khao sat that
1849,4,2,2,2,2,2,3,1,1,1,2,5,3,4,4,4,4,4,4,4,4,4,Khao sat that
1850,4,2,2,2,2,2,2,2,2,2,4,5,3,4,4,4,4,4,4,4,4,4,Khao sat that
1851,4,2,1,2,2,5,4,4,4,2,3,5,3,4,3,4,5,3,4,4,4,4,Khao sat that
1852,4,2,1,2,2,4,4,1,1,4,3,5,3,2,3,3,2,2,3,1,1,2,Khao sat that
1853,4,2,1,2,2,4,3,4,3,2,2,5,4,1,3,3,3,3,3,3,3,3,Khao sat that
1854,4,2,1,2,2,4,4,2,2,3,3,5,3,1,1,5,5,5,5,5,2,2,Khao sat that
1855,4,2,1,2,2,3,3,2,2,3,4,5,3,1,2,2,2,5,5,5,2,5,Khao sat that
1856,4,2,1,1,2,3,3,2,2,3,3,5,3,3,1,2,2,3,2,2,2,3,Khao sat that
1857,4,2,1,1,2,1,1,3,3,1,3,5,3,5,5,5,5,5,5,5,5,5,Khao sat that
1858,4,2,2,2,2,2,2,3,3,3,3,5,3,3,3,3,3,3,3,3,3,1,Khao sat that
1859,4,2,1,2,1,3,2,3,3,2,2,5,3,2,4,3,4,4,4,4,5,4,Khao sat that
1860,4,2,2,2,2,2,2,2,2,3,3,5,3,1,3,3,3,3,3,3,3,1,Khao sat that
1861,4,2,1,1,2,2,6,3,3,3,3,5,3,3,2,3,3,3,3,3,3,3,Khao sat that
1862,4,2,1,2,2,3,3,3,3,4,3,5,3,1,3,3,3,3,3,3,3,3,Khao sat that
1863,4,2,1,1,2,3,3,3,3,2,2,5,3,3,2,4,4,4,4,3,4,3,Khao sat that
1864,4,2,1,2,2,4,4,2,1,2,3,5,3,1,3,3,3,3,3,3,3,3,Khao sat that
1865,4,2,2,2,2,4,5,4,3,4,5,5,3,4,3,3,5,4,3,4,5,4,Khao sat that
1866,4,2,1,1,2,3,3,3,3,3,2,5,3,3,3,4,5,4,4,4,4,4,Khao sat that
1867,4,2,1,2,2,4,4,1,1,2,2,5,3,5,5,5,5,4,4,4,4,4,Khao sat that
1868,4,2,1,2,2,5,3,3,3,3,2,5,4,4,4,3,3,2,3,3,3,3,Khao sat that
1869,4,2,2,2,2,4,4,1,2,4,3,5,3,3,5,5,5,5,4,5,4,5,Khao sat that
1870,4,2,2,2,2,3,2,1,1,3,3,5,3,3,3,3,3,3,3,3,4,5,Khao sat that
1871,4,2,1,2,2,5,5,2,2,3,2,5,4,3,3,4,5,5,3,2,3,3,Khao sat that
1872,4,2,1,2,1,1,3,4,1,4,3,5,3,2,2,2,2,2,3,2,2,2,Khao sat that
1873,4,2,2,2,2,3,3,2,2,2,3,5,3,2,3,5,5,5,5,5,5,1,Khao sat that
1874,4,2,2,2,2,3,3,3,3,3,4,5,3,1,3,3,3,3,3,3,3,3,Khao sat that
1875,4,2,2,2,2,4,4,1,1,2,3,5,3,3,4,3,3,3,3,3,3,3,Khao sat that
1876,4,2,2,2,2,2,2,2,2,2,3,5,3,3,3,3,3,3,3,3,3,3,Khao sat that
1877,4,2,1,2,2,3,3,3,3,1,3,5,3,4,4,3,3,3,3,3,3,3,Khao sat that
1878,4,2,2,2,2,1,2,2,3,3,2,5,3,4,3,4,4,4,4,4,4,4,Khao sat that
1879,4,2,2,2,2,1,2,2,2,2,2,5,3,4,4,4,4,4,4,4,4,4,Khao sat that
1880,4,2,2,2,2,4,4,3,3,4,2,5,3,4,4,4,4,4,4,4,4,3,Khao sat that
1881,4,2,2,2,2,2,1,2,2,2,2,5,3,1,3,3,3,3,3,3,3,3,Khao sat that
1882,4,2,1,2,2,4,4,4,3,4,3,5,3,1,3,3,3,4,3,4,4,4,Khao sat that
1883,4,2,1,2,2,4,4,4,4,4,2,5,3,3,4,4,4,3,4,3,4,3,Khao sat that
1884,4,2,2,2,2,3,3,3,3,1,2,5,3,3,4,3,5,5,5,5,5,4,Khao sat that
1885,4,2,2,2,2,3,3,2,2,2,3,5,5,3,3,3,3,3,3,3,3,2,Khao sat that
1886,4,2,2,2,2,5,3,3,3,2,2,5,3,4,3,3,3,3,3,3,3,2,Khao sat that
1887,4,2,1,1,2,2,1,3,3,1,3,5,3,2,2,3,3,2,4,4,3,3,Khao sat that
1888,4,2,1,1,2,2,1,3,3,1,2,5,3,3,4,3,3,2,4,3,2,2,Khao sat that
1889,4,2,1,1,2,5,1,1,3,3,3,5,3,3,2,5,5,5,5,5,5,4,Khao sat that
1890,4,2,2,2,2,4,4,1,2,2,3,5,3,4,2,2,2,2,2,2,2,4,Khao sat that
1891,4,2,1,1,2,2,2,1,2,2,3,5,3,4,4,5,5,3,4,4,5,5,Khao sat that
1892,4,2,1,2,2,4,3,3,3,2,4,5,3,4,3,4,4,4,5,3,4,4,Khao sat that
1893,4,2,2,2,2,5,4,4,4,3,3,5,3,4,4,4,3,3,3,3,3,3,Khao sat that
1894,4,2,2,2,2,5,5,4,4,4,4,5,3,4,3,5,4,4,3,3,3,3,Khao sat that
1895,4,2,2,2,2,4,4,1,1,2,3,5,3,2,2,2,2,3,4,4,3,3,Khao sat that
1896,4,2,1,2,2,3,3,1,2,2,4,5,3,2,3,2,4,3,2,2,2,2,Khao sat that
1897,4,2,1,2,2,3,5,4,3,4,3,5,3,4,4,4,3,4,4,4,4,4,Khao sat that
1898,4,2,2,2,2,4,5,4,3,4,1,5,3,4,3,3,5,4,3,4,5,4,Khao sat that
1899,4,2,1,1,2,1,1,2,3,1,3,5,3,5,5,5,5,5,5,5,5,5,Khao sat that
1900,4,2,2,2,2,2,2,2,2,2,3,5,3,3,3,3,3,3,3,3,3,3,Khao sat that
1901,4,2,2,2,2,2,3,1,1,3,3,5,3,4,4,4,4,5,4,4,4,4,Khao sat that
1902,4,2,1,2,2,3,3,3,3,3,3,5,3,3,3,3,3,3,3,3,3,3,Khao sat that
1903,4,2,1,2,2,3,3,3,3,1,3,5,3,4,4,3,3,3,3,3,3,3,Khao sat that
1904,4,2,1,2,2,1,2,2,2,4,2,5,3,2,3,3,3,3,2,3,2,2,Khao sat that
1905,3,2,1,1,2,1,5,3,1,2,4,5,4,3,3,4,4,5,4,4,3,3,Khao sat that
1906,3,2,1,2,2,2,2,3,3,3,4,4,3,4,4,5,5,5,4,4,4,4,Khao sat that
1907,3,2,1,2,1,2,2,2,2,1,1,5,3,3,5,4,5,5,5,5,3,4,Khao sat that
1908,3,2,1,2,2,5,4,4,3,2,3,5,3,3,3,4,5,5,4,4,4,4,Khao sat that
1909,3,2,2,2,2,2,2,2,2,2,3,5,4,4,4,4,4,4,4,4,4,4,Khao sat that
1910,3,2,1,2,2,2,3,2,2,2,2,2,3,4,2,4,3,5,5,5,3,4,Khao sat that
1911,3,2,1,1,2,4,1,1,3,2,2,5,3,3,3,4,4,5,5,4,3,3,Khao sat that
1912,3,2,2,2,2,3,3,3,3,3,2,5,3,4,4,4,4,5,5,5,3,3,Khao sat that
1913,3,2,2,2,2,2,2,2,3,2,3,5,2,3,3,5,3,5,5,5,4,5,Khao sat that
1914,3,2,2,2,2,2,2,2,3,3,3,4,3,3,3,4,3,5,5,5,3,3,Khao sat that
1915,3,2,1,1,2,2,2,3,3,2,3,5,4,5,3,5,5,5,5,4,4,3,Khao sat that
1916,3,2,2,2,2,2,2,2,2,3,3,5,3,3,3,5,3,5,5,5,3,3,Khao sat that
1917,3,2,2,2,2,2,2,2,2,2,2,5,3,4,4,4,4,4,4,4,4,4,Khao sat that
1918,3,2,1,2,2,4,4,1,1,2,2,5,3,5,5,5,5,4,4,4,4,4,Khao sat that
1919,3,2,1,2,2,1,2,3,3,1,3,5,4,3,4,4,4,5,4,4,4,3,Khao sat that
1920,3,2,1,1,2,6,6,3,3,2,4,5,3,3,3,4,5,5,5,5,4,4,Khao sat that
1921,3,2,2,2,2,2,2,2,2,2,3,5,3,3,3,5,3,5,5,5,3,3,Khao sat that
1922,3,2,2,2,2,1,2,2,3,3,2,5,3,4,3,4,4,4,4,4,4,4,Khao sat that
1923,3,2,2,2,2,2,2,4,4,2,3,4,3,3,3,4,4,5,5,5,3,3,Khao sat that
1924,3,2,2,2,2,5,5,4,4,4,4,5,3,4,3,5,4,4,5,5,3,3,Khao sat that
1925,3,2,1,2,2,4,4,3,3,3,2,5,4,4,4,4,4,4,4,4,4,3,Khao sat that
1926,3,2,2,2,2,3,3,2,2,1,3,5,4,3,3,5,3,5,5,5,3,3,Khao sat that
1927,3,2,1,1,2,1,1,4,4,1,4,5,3,3,4,4,4,4,4,4,4,5,Khao sat that
1928,3,2,1,1,2,6,3,1,3,1,4,5,3,3,2,5,4,5,5,5,5,5,Khao sat that
1929,3,2,1,1,2,3,3,3,3,2,4,4,3,3,2,5,4,5,5,5,4,4,Khao sat that
1930,3,2,1,1,2,2,6,3,3,1,4,5,3,3,2,5,4,5,4,5,3,4,Khao sat that
1931,3,1,1,2,2,6,5,3,1,2,4,5,4,4,3,4,4,5,5,5,3,4,Khao sat that
1932,3,2,2,2,2,2,2,1,2,2,2,5,3,4,4,4,4,4,4,4,4,4,Khao sat that
1933,3,2,1,1,2,3,3,3,3,2,5,3,3,3,4,5,4,5,5,5,4,4,Khao sat that
1934,3,2,1,1,2,4,4,1,1,1,2,5,4,3,4,5,5,4,5,4,4,5,Khao sat that
1935,3,2,1,2,2,4,4,1,1,2,3,5,4,3,3,4,3,5,5,5,3,3,Khao sat that
1936,3,2,1,1,2,6,2,2,2,3,4,5,3,3,3,5,5,5,4,5,5,4,Khao sat that
1937,3,2,2,2,2,2,3,1,1,1,2,5,3,4,4,4,4,4,4,4,4,4,Khao sat that
1938,3,2,2,2,2,3,3,2,2,3,2,5,3,3,2,5,4,5,4,4,4,5,Khao sat that
1939,3,2,1,1,2,3,3,3,3,3,3,5,3,4,3,5,3,5,5,5,3,3,Khao sat that
1940,3,2,1,1,2,2,2,3,3,2,2,4,3,3,3,4,3,4,5,5,4,4,Khao sat that
1941,3,2,1,1,2,3,6,3,3,2,3,5,3,3,2,5,4,5,4,4,5,4,Khao sat that
1942,3,2,1,1,2,4,6,1,3,1,2,4,4,3,3,4,4,5,5,3,4,3,Khao sat that
1943,3,2,1,1,2,5,5,1,1,1,2,4,4,3,4,4,4,5,5,5,4,4,Khao sat that
1944,3,2,1,1,2,3,3,1,2,2,3,4,3,4,4,5,5,4,5,5,3,4,Khao sat that
1945,3,2,1,1,2,6,6,2,2,2,4,5,3,3,3,4,4,5,4,4,4,4,Khao sat that
1946,3,2,1,2,2,3,3,3,3,1,3,5,3,4,4,5,3,5,5,5,3,3,Khao sat that
1947,3,1,1,1,2,5,3,1,2,1,2,1,3,3,2,4,3,4,4,5,3,3,Khao sat that
1948,3,2,1,1,2,3,3,3,3,1,3,4,3,3,4,5,5,5,5,4,4,3,Khao sat that
1949,3,2,1,1,2,5,5,1,1,2,2,4,4,4,5,5,5,5,5,5,5,3,Khao sat that
1950,3,2,1,1,2,3,3,3,3,2,2,4,3,3,3,4,5,5,5,4,4,3,Khao sat that
1951,3,2,1,1,2,2,2,3,3,1,2,5,3,3,3,5,3,5,5,5,4,3,Khao sat that
1952,3,2,1,1,2,5,5,1,1,2,3,4,3,3,2,4,3,5,5,5,5,3,Khao sat that
1953,3,2,1,1,2,1,3,3,3,2,3,5,3,4,4,5,5,5,5,4,4,4,Khao sat that
1954,3,2,1,1,2,5,1,1,3,2,2,4,3,4,5,5,5,5,5,5,3,3,Khao sat that
1955,3,2,1,1,2,2,1,4,4,2,2,5,4,3,4,4,4,5,5,4,3,4,Khao sat that
1956,3,2,1,1,2,5,4,1,3,2,3,4,4,3,3,5,4,5,4,5,3,3,Khao sat that
1957,3,2,1,1,2,2,2,3,3,3,2,5,4,3,4,4,4,4,4,4,3,3,Khao sat that
1958,3,2,1,1,2,6,6,4,4,1,3,5,3,3,3,5,3,4,5,5,3,3,Khao sat that
1959,3,2,1,1,2,2,3,2,2,2,2,5,3,3,3,4,4,4,5,4,4,3,Khao sat that
1960,3,2,1,1,2,3,5,1,1,3,2,4,4,3,3,4,3,5,5,5,3,3,Khao sat that
1961,3,2,1,1,2,3,3,3,3,1,3,4,3,3,3,4,3,5,5,4,4,3,Khao sat that
1962,3,2,1,1,2,2,6,3,4,1,2,5,5,4,3,5,4,5,5,4,3,3,Khao sat that
1963,3,2,1,1,2,3,3,3,3,2,3,5,4,4,4,5,4,4,4,4,4,4,Khao sat that
1964,3,2,2,2,2,2,2,2,3,3,3,5,2,1,3,5,3,5,5,4,3,3,Khao sat that
1965,3,2,2,2,2,3,3,2,2,1,2,5,3,2,2,4,5,5,5,5,4,3,Khao sat that
1966,3,2,2,2,2,2,2,3,3,3,4,5,4,3,3,5,5,5,5,5,3,3,Khao sat that
1967,3,2,1,2,2,1,1,1,1,3,4,5,3,2,3,5,5,5,4,5,4,3,Khao sat that
1968,3,2,1,2,2,4,4,1,1,4,3,5,3,2,3,5,5,5,5,5,4,3,Khao sat that
1969,3,2,2,2,2,2,2,2,2,2,4,5,3,2,4,4,4,4,4,4,4,4,Khao sat that
1970,3,2,1,2,2,3,3,2,2,3,4,5,3,3,3,5,5,5,5,5,5,5,Khao sat that
1971,3,2,1,1,2,3,3,2,2,3,3,5,3,3,3,5,5,5,5,5,5,3,Khao sat that
1972,3,2,1,2,2,3,3,3,3,4,3,5,3,3,3,4,5,5,4,5,3,3,Khao sat that
1973,3,2,1,2,2,4,4,2,1,2,3,5,3,3,3,5,5,5,5,5,3,3,Khao sat that
1974,3,2,2,2,2,3,2,1,1,3,3,5,3,3,3,4,5,5,5,5,4,5,Khao sat that
1975,3,2,1,2,1,1,3,4,1,4,3,5,3,2,2,5,5,5,4,5,4,4,Khao sat that
1976,3,2,1,2,2,4,4,4,3,4,3,5,3,3,3,5,5,4,5,4,4,4,Khao sat that
1977,3,2,2,2,2,3,3,2,2,2,3,5,5,3,3,4,5,5,5,5,3,4,Khao sat that
1978,3,2,1,1,2,5,1,1,3,3,3,5,3,3,2,5,5,5,5,5,5,4,Khao sat that
1979,3,2,1,2,2,4,3,3,3,2,4,5,3,4,3,4,4,4,5,5,4,4,Khao sat that
1980,3,2,2,2,2,5,5,4,4,4,4,5,3,4,3,5,4,4,5,3,3,3,Khao sat that
1981,3,1,2,2,2,3,3,2,2,3,3,5,3,2,3,5,5,4,4,4,5,5,Khao sat that
1982,3,1,1,1,2,2,1,3,3,2,4,4,4,3,2,5,5,4,4,5,4,4,Khao sat that
1983,3,2,1,1,2,5,5,1,1,2,5,4,4,4,4,4,5,5,4,5,3,5,Khao sat that
1984,3,2,1,1,2,2,2,3,3,2,4,5,3,2,2,5,4,5,4,4,4,4,Khao sat that
1985,5,2,2,2,2,2,2,3,3,3,2,5,3,3,4,4,5,5,5,5,5,4,Khao sat that
1986,5,2,1,2,2,5,5,3,1,2,3,5,2,3,4,5,5,5,5,5,5,4,Khao sat that
1987,5,2,1,2,2,2,2,2,2,3,3,5,3,4,4,4,4,4,4,4,4,4,Khao sat that
1988,5,2,2,2,2,4,4,3,3,3,4,4,4,3,4,5,5,5,5,5,4,4,Khao sat that
1989,5,2,1,2,2,4,4,1,1,3,3,5,3,3,4,4,5,5,5,4,4,4,Khao sat that
1990,5,2,2,2,2,3,2,2,3,2,3,4,3,2,2,2,2,2,3,4,4,2,Khao sat that
1991,5,2,1,2,2,6,6,2,2,3,2,5,4,3,4,5,4,5,5,5,5,4,Khao sat that
1992,5,2,1,2,2,2,2,2,2,3,3,5,4,5,5,5,5,5,5,5,5,5,Khao sat that
1993,5,2,1,2,2,3,3,3,4,1,3,5,3,3,5,5,5,5,5,5,4,4,Khao sat that
1994,5,2,1,2,2,4,3,3,3,3,4,5,3,3,4,5,4,4,5,4,4,3,Khao sat that
1995,5,2,1,2,2,1,1,1,1,2,4,5,3,4,4,4,4,4,4,5,4,4,Khao sat that
1996,5,2,1,1,2,6,4,4,1,1,4,5,3,3,3,3,5,5,5,5,4,3,Khao sat that
1997,5,2,2,2,2,2,4,3,1,2,4,4,3,4,4,5,5,4,4,4,5,5,Khao sat that
1998,5,2,2,2,2,2,3,3,3,2,3,5,3,3,5,4,3,3,3,4,5,4,Khao sat that
1999,5,2,2,2,2,5,3,1,3,1,2,5,3,4,5,5,5,5,5,5,4,4,Khao sat that
2000,5,2,1,2,2,5,4,3,4,1,2,5,3,3,4,5,5,4,5,4,4,5,Khao sat that
2001,5,2,1,2,2,3,3,3,3,2,3,5,4,3,4,5,4,4,4,4,5,4,Khao sat that
2002,5,2,1,2,2,3,3,3,3,1,3,5,3,4,4,4,4,4,4,4,4,4,Khao sat that
2003,5,2,2,2,2,4,4,2,3,3,2,5,4,3,4,4,4,5,5,5,5,3,Khao sat that
2004,5,2,1,1,2,4,4,4,4,2,2,5,3,3,3,4,5,5,5,5,5,5,Khao sat that
2005,5,2,2,2,2,2,2,3,2,1,2,5,3,2,4,5,5,5,4,5,5,3,Khao sat that
2006,5,2,2,2,2,4,4,3,2,2,2,5,4,3,4,5,5,5,5,5,4,4,Khao sat that
2007,5,2,2,2,2,4,4,2,2,1,3,5,4,4,4,5,4,5,5,4,3,4,Khao sat that
2008,5,2,1,1,2,3,4,3,1,2,2,4,3,3,4,4,4,3,3,3,4,3,Khao sat that
2009,5,2,2,2,2,2,2,2,3,2,2,5,3,3,3,2,3,3,3,3,3,3,Khao sat that
2010,5,2,2,2,2,3,3,3,3,2,2,5,3,3,3,4,4,4,4,5,3,4,Khao sat that
2011,5,2,2,2,2,5,5,1,1,1,2,5,3,3,4,4,5,5,5,4,3,4,Khao sat that
2012,5,2,1,1,2,3,3,3,3,3,2,5,4,4,5,5,5,5,5,5,5,5,Khao sat that
2013,5,2,1,1,2,4,4,4,4,1,2,5,3,4,5,5,5,5,5,5,5,4,Khao sat that
2014,5,2,2,2,2,5,3,1,3,1,3,5,3,3,5,5,5,4,5,5,3,3,Khao sat that
2015,5,2,1,2,2,4,4,1,2,1,2,5,3,4,3,3,4,3,5,3,4,4,Khao sat that
2016,5,2,1,2,2,2,2,2,2,3,3,5,4,3,5,5,5,5,5,5,5,4,Khao sat that
2017,5,2,2,2,2,5,5,1,1,1,2,5,3,4,5,4,5,5,5,4,5,4,Khao sat that
2018,5,2,2,2,2,6,6,4,4,2,3,5,3,3,3,3,3,3,3,3,3,3,Khao sat that
2019,5,2,1,2,2,5,4,1,2,2,3,5,3,3,4,4,5,4,4,4,4,3,Khao sat that
2020,5,2,1,2,1,6,2,4,3,2,2,5,3,3,4,5,3,5,4,4,5,4,Khao sat that
2021,5,2,1,1,2,4,4,4,4,1,2,5,3,3,3,3,3,3,3,3,3,3,Khao sat that
2022,5,2,1,2,2,5,5,1,1,3,2,5,3,4,4,5,5,4,5,3,4,4,Khao sat that
2023,5,2,1,2,2,1,1,1,1,2,2,5,3,4,4,4,4,4,4,5,4,4,Khao sat that
2024,5,2,2,2,2,2,4,3,1,2,2,4,3,4,4,5,5,4,4,4,4,5,Khao sat that
2025,5,2,2,2,2,3,1,3,3,3,3,5,3,4,3,3,4,4,3,4,5,5,Khao sat that
2026,5,2,1,2,1,6,3,3,3,2,2,5,4,3,3,3,3,4,5,3,3,3,Khao sat that
2027,5,2,2,2,2,2,2,2,3,2,1,5,3,3,3,4,3,3,3,3,3,3,Khao sat that
2028,5,2,1,2,2,4,4,4,4,3,1,5,3,3,4,4,4,5,5,5,5,4,Khao sat that
2029,5,2,2,2,2,3,3,3,3,2,1,5,3,3,3,5,5,5,5,5,5,4,Khao sat that
2030,5,2,1,2,2,3,3,3,3,4,2,5,4,4,5,5,5,3,5,5,5,4,Khao sat that
2031,5,2,1,2,2,2,2,3,3,3,2,5,4,4,4,3,5,4,5,4,5,5,Khao sat that
2032,5,2,1,2,2,5,5,4,4,3,3,5,3,3,4,5,5,5,5,5,5,4,Khao sat that
2033,5,2,2,2,2,2,1,3,3,2,1,5,3,3,5,4,5,5,5,5,5,4,Khao sat that
2034,5,2,1,1,2,5,2,3,3,3,2,5,4,4,3,3,4,5,4,3,4,3,Khao sat that
2035,5,2,1,2,2,5,4,2,4,2,2,5,3,4,3,4,4,3,5,5,5,4,Khao sat that
2036,5,2,1,2,2,6,6,4,4,1,2,5,3,4,5,5,5,5,5,5,5,4,Khao sat that
2037,5,2,1,2,2,5,4,4,4,2,3,4,3,3,4,4,4,4,4,4,4,4,Khao sat that
2038,5,2,1,2,2,5,4,3,4,1,2,5,3,3,4,5,5,4,5,4,4,5,Khao sat that
2039,5,2,2,2,2,4,4,3,3,1,2,5,3,4,4,4,4,3,3,4,5,4,Khao sat that
2040,5,2,2,2,2,4,4,3,3,1,3,5,4,4,5,5,5,5,5,3,4,4,Khao sat that
2041,5,2,2,2,2,4,4,3,3,2,3,5,4,4,4,5,5,5,5,4,4,4,Khao sat that
2042,5,2,1,2,2,6,6,2,2,3,1,5,4,3,4,5,5,5,5,4,5,5,Khao sat that
2043,5,2,1,1,2,3,3,3,3,2,2,5,3,3,4,4,3,3,3,3,3,3,Khao sat that
2044,5,2,1,2,1,3,3,3,3,1,3,5,3,4,5,5,5,5,5,5,5,5,Khao sat that
2045,5,2,2,2,2,2,4,3,1,1,2,4,3,4,5,4,5,5,5,5,4,4,Khao sat that
2046,5,2,1,2,2,4,4,4,5,3,3,5,3,4,4,5,4,5,4,4,4,4,Khao sat that
2047,5,2,1,1,2,2,6,4,3,1,2,5,3,3,4,4,4,4,5,4,5,4,Khao sat that
2048,5,2,1,1,2,3,3,4,4,3,3,5,3,4,3,3,4,4,4,3,3,3,Khao sat that
2049,5,2,1,1,2,5,3,1,3,2,2,5,3,3,3,4,4,4,5,4,4,3,Khao sat that
2050,5,2,1,2,2,1,1,4,3,1,2,4,3,3,4,5,5,4,5,5,5,3,Khao sat that
2051,5,2,1,2,2,6,6,4,4,2,2,5,3,4,4,4,4,4,4,4,4,4,Khao sat that
2052,5,2,2,2,2,3,4,2,1,3,1,5,4,3,4,4,4,4,5,5,5,4,Khao sat that
2053,5,2,1,2,2,1,1,1,1,2,1,5,4,4,5,5,5,5,5,5,5,5,Khao sat that
2054,5,2,1,1,2,4,4,4,4,2,2,5,3,4,4,5,5,5,5,5,5,5,Khao sat that
2055,5,2,1,1,2,3,4,3,1,2,2,4,3,3,4,4,4,5,5,5,5,4,Khao sat that
2056,5,2,2,2,2,2,2,3,2,1,1,5,3,3,3,4,5,5,4,5,5,4,Khao sat that
2057,5,2,2,2,2,2,2,3,2,1,1,5,3,4,5,5,5,5,4,5,5,5,Khao sat that
2058,5,2,1,2,2,5,5,5,5,1,2,5,3,4,4,4,4,4,4,4,4,4,Khao sat that
2059,5,2,2,2,2,3,2,2,3,2,1,5,3,3,4,4,5,5,5,4,4,4,Khao sat that
2060,5,2,2,2,2,3,3,3,3,2,2,5,3,3,5,5,5,4,4,5,4,4,Khao sat that
2061,5,2,1,1,2,4,4,4,4,3,1,5,3,3,4,5,5,5,5,5,5,5,Khao sat that
2062,4,2,1,2,2,3,3,3,3,3,3,5,3,5,5,5,5,5,5,4,4,4,Khao sat that
2063,4,2,2,2,2,4,3,2,2,3,3,5,3,4,3,4,4,5,5,4,4,3,Khao sat that
2064,4,2,1,2,2,3,3,3,3,2,4,5,4,3,5,5,5,5,5,5,3,4,Khao sat that
2065,4,2,2,2,2,3,3,3,3,3,2,5,3,4,5,5,5,5,5,5,5,5,Khao sat that
2066,4,2,1,2,2,5,6,4,4,3,3,5,3,4,2,4,5,5,5,5,3,4,Khao sat that
2067,4,2,2,2,2,4,4,2,3,1,3,5,3,5,5,5,5,5,4,4,4,4,Khao sat that
2068,4,2,1,2,1,4,4,3,3,1,2,5,4,4,5,5,5,5,4,5,4,4,Khao sat that
2069,4,2,1,2,2,2,2,2,2,2,2,4,3,5,5,5,5,5,5,5,4,5,Khao sat that
2070,4,2,2,2,2,5,5,2,2,2,3,5,3,3,5,5,5,5,5,5,5,5,Khao sat that
2071,4,2,2,2,2,4,3,1,2,2,2,5,4,3,3,4,4,5,5,4,4,5,Khao sat that
2072,4,2,1,2,2,5,6,4,4,3,2,5,3,4,3,4,5,5,5,5,3,5,Khao sat that
2073,4,2,2,2,2,4,4,1,1,3,2,5,4,2,3,5,4,5,5,5,4,3,Khao sat that
2074,4,2,1,2,1,3,3,3,3,2,3,5,3,3,3,5,5,5,5,5,3,3,Khao sat that
2075,4,2,2,2,2,5,5,1,1,1,2,5,4,3,3,4,5,5,5,5,3,3,Khao sat that
2076,4,2,1,2,2,3,3,3,3,2,3,5,4,4,3,4,5,4,5,5,4,4,Khao sat that
2077,4,2,2,2,2,3,3,4,4,2,2,5,3,3,3,5,5,5,5,5,4,5,Khao sat that
2078,4,2,2,2,2,2,2,3,3,3,3,5,2,3,3,4,5,5,5,4,4,4,Khao sat that
2079,4,2,2,2,2,5,5,2,2,2,3,5,4,4,3,5,5,5,5,5,4,4,Khao sat that
2080,4,2,1,2,2,1,1,1,1,3,3,5,3,4,3,5,4,4,4,4,3,3,Khao sat that
2081,4,2,1,2,2,6,6,4,4,3,3,5,3,3,3,5,3,5,5,5,3,3,Khao sat that
2082,4,2,2,2,2,5,5,1,3,1,2,5,3,3,3,5,5,5,5,5,4,3,Khao sat that
2083,4,2,2,2,2,4,2,3,1,1,2,4,4,3,3,5,5,5,5,5,3,4,Khao sat that
2084,4,2,2,2,2,4,4,1,1,3,2,5,4,4,3,5,4,5,5,5,4,3,Khao sat that
2085,4,2,1,2,2,6,6,4,4,3,3,5,2,3,3,5,5,5,5,5,3,3,Khao sat that
2086,4,2,1,2,2,6,6,4,4,3,3,5,3,5,5,5,5,5,5,5,4,4,Khao sat that
2087,4,2,2,2,2,6,6,4,4,2,2,5,3,3,3,5,5,5,5,3,3,3,Khao sat that
2088,4,2,2,2,2,5,5,4,4,3,2,5,3,4,3,5,5,5,5,5,3,3,Khao sat that
2089,4,2,1,2,2,5,5,4,4,2,3,5,3,2,3,5,5,5,5,5,4,5,Khao sat that
2090,4,2,2,2,2,5,5,1,1,3,3,5,3,5,5,5,5,5,5,5,5,5,Khao sat that
2091,4,2,2,2,2,5,5,1,1,2,4,5,3,5,5,5,5,5,5,5,4,4,Khao sat that
2092,4,2,1,2,2,2,2,2,2,2,2,5,3,5,5,5,5,5,5,5,4,4,Khao sat that
2093,4,2,2,2,2,3,3,2,2,1,2,5,4,3,3,5,4,5,5,5,5,4,Khao sat that
2094,4,2,1,2,2,3,3,2,2,3,3,5,3,5,5,5,5,5,5,5,4,4,Khao sat that
2095,4,2,2,2,2,6,6,4,4,2,3,5,3,3,3,5,5,5,5,5,4,4,Khao sat that
2096,4,2,2,2,2,3,3,3,2,1,2,5,4,4,4,4,5,5,5,5,5,4,Khao sat that
2097,4,2,1,2,2,3,3,2,2,2,4,4,3,5,5,5,5,5,5,5,5,5,Khao sat that
2098,4,2,1,2,1,3,3,3,3,1,2,5,3,4,3,4,4,4,5,4,4,5,Khao sat that
2099,4,2,2,2,2,4,3,1,2,2,2,5,4,3,3,5,4,5,5,5,5,4,Khao sat that
2100,4,2,1,2,2,5,5,2,2,3,4,5,3,4,5,5,5,5,5,5,4,5,Khao sat that
2101,4,2,1,2,1,4,4,3,3,1,4,5,3,5,5,5,5,5,5,4,4,5,Khao sat that
2102,4,2,1,2,2,2,3,2,3,3,3,4,3,5,5,5,5,5,5,5,5,5,Khao sat that
2103,4,2,2,2,2,4,4,4,4,2,2,5,3,4,3,5,5,5,5,5,4,4,Khao sat that
2104,4,2,2,2,2,1,1,1,1,1,3,5,3,5,4,5,4,5,5,5,5,4,Khao sat that
2105,4,2,2,2,2,4,4,3,3,2,3,5,4,5,5,5,5,5,5,5,5,5,Khao sat that
2106,4,2,1,1,2,5,1,4,3,1,2,5,3,3,3,5,5,5,5,5,3,4,Khao sat that
2107,4,2,2,2,2,3,2,2,2,3,2,5,4,4,3,5,4,5,5,5,4,4,Khao sat that
2108,4,2,1,2,2,5,3,3,2,3,3,5,3,3,4,5,5,4,5,4,4,4,Khao sat that
2109,4,2,1,2,2,5,6,4,4,3,3,5,3,3,3,5,4,5,5,5,3,3,Khao sat that
2110,4,2,1,2,2,2,3,2,2,3,2,5,3,5,5,5,5,5,5,5,4,4,Khao sat that
2111,4,2,1,2,2,6,6,1,1,4,2,5,2,4,4,4,4,4,4,5,5,5,Khao sat that
2112,4,2,2,2,2,5,5,3,3,2,2,5,3,3,3,4,5,5,5,5,4,4,Khao sat that
2113,4,2,2,2,2,5,5,2,1,3,2,5,3,5,5,5,5,5,5,5,4,5,Khao sat that
2114,4,2,1,2,2,6,6,4,4,3,3,5,4,3,3,5,5,5,5,5,4,5,Khao sat that
2115,4,2,1,1,2,5,3,1,3,3,2,5,4,4,3,4,5,5,5,4,5,5,Khao sat that
2116,3,2,2,2,2,5,5,1,1,2,1,5,3,3,3,5,5,5,5,5,3,4,Khao sat that
2117,3,2,1,1,2,1,1,3,3,2,2,5,3,4,4,5,4,5,5,5,4,5,Khao sat that
2118,3,2,2,2,2,5,3,1,3,1,2,5,3,4,4,4,5,5,5,4,4,5,Khao sat that
2119,3,2,1,1,2,2,2,3,3,1,2,5,3,3,3,4,5,5,5,4,4,4,Khao sat that
2120,3,2,2,2,2,2,2,3,4,2,2,5,3,4,3,3,3,4,5,3,3,4,Khao sat that
2121,3,2,2,2,2,2,2,3,3,3,3,5,3,1,2,2,2,5,3,5,3,4,Khao sat that
2122,3,2,1,2,2,3,3,3,3,4,3,5,3,3,3,3,5,3,3,3,3,4,Khao sat that
2123,3,2,2,2,2,2,4,3,1,2,3,4,3,4,4,5,5,4,4,4,4,5,Khao sat that
2124,3,2,1,1,2,5,2,3,3,3,3,5,4,4,3,3,4,5,4,3,4,3,Khao sat that
2125,3,2,1,2,2,2,2,4,4,2,4,5,3,3,3,5,4,4,4,4,3,4,Khao sat that
2126,3,2,1,2,2,1,1,4,3,1,4,4,3,3,3,3,5,4,5,5,2,3,Khao sat that
2127,3,2,1,1,2,1,6,4,4,2,5,4,3,3,3,5,5,5,5,4,3,3,Khao sat that
2128,3,2,1,2,2,3,3,3,3,2,4,5,4,3,4,5,3,4,4,4,4,4,Khao sat that
2129,3,2,1,1,2,6,1,3,3,1,3,5,4,3,3,3,4,3,4,3,4,4,Khao sat that
2130,3,2,1,1,2,2,6,4,3,1,2,5,4,3,3,3,3,4,5,4,2,3,Khao sat that
2131,3,2,1,1,2,5,5,3,1,2,3,5,4,3,3,3,3,3,4,3,3,3,Khao sat that
2132,3,2,1,2,2,2,2,3,3,3,4,5,4,4,4,3,5,4,5,4,3,3,Khao sat that
2133,3,2,1,1,2,2,5,3,1,2,4,5,4,3,3,3,3,3,3,3,5,3,Khao sat that
2134,3,2,2,2,2,3,1,3,3,3,3,5,3,3,4,3,4,4,3,4,5,5,Khao sat that
2135,3,2,2,2,2,5,5,1,1,1,2,5,3,4,3,4,3,3,5,4,4,4,Khao sat that
2136,3,2,1,2,1,6,2,4,3,2,3,5,3,3,4,5,3,5,4,4,5,4,Khao sat that
2137,3,2,1,1,2,3,3,4,4,3,3,5,3,4,3,3,4,4,4,3,3,3,Khao sat that
2138,3,2,1,1,2,6,4,4,1,1,4,5,3,3,3,3,5,5,5,5,4,3,Khao sat that
2139,3,2,1,1,2,3,2,3,3,3,3,5,3,3,5,5,5,5,5,4,5,3,Khao sat that
2140,3,2,1,1,2,3,3,3,3,2,2,5,3,3,4,4,3,3,3,3,3,3,Khao sat that
2141,3,2,1,1,2,5,3,1,3,2,4,5,3,3,3,4,4,4,5,4,4,3,Khao sat that
2142,3,2,1,1,2,3,3,3,3,2,2,5,3,3,4,3,5,5,5,4,3,3,Khao sat that
2143,3,2,1,2,2,6,6,4,4,2,3,5,3,4,4,4,4,4,4,4,4,4,Khao sat that
2144,3,2,1,2,1,6,3,3,3,2,3,5,4,3,3,3,3,4,5,3,3,3,Khao sat that
2145,3,2,1,1,2,6,6,3,3,2,3,5,4,3,4,4,4,5,4,5,4,4,Khao sat that
2146,3,2,2,2,2,3,4,3,1,1,3,4,3,3,4,4,4,3,3,3,2,3,Khao sat that
2147,3,2,1,1,2,3,3,3,3,2,3,5,3,4,5,5,5,5,5,5,5,5,Khao sat that
2148,3,2,2,2,2,3,4,2,1,3,3,5,4,3,4,4,4,4,3,3,3,4,Khao sat that
2149,3,2,1,1,2,1,1,3,3,1,2,5,3,3,4,5,4,4,5,4,5,3,Khao sat that
2150,3,2,2,2,2,3,2,3,3,1,3,5,3,3,3,3,5,3,4,4,4,4,Khao sat that
2151,3,2,2,2,2,6,6,3,3,2,3,4,3,4,4,5,5,5,5,5,3,5,Khao sat that
2152,3,2,1,2,2,2,3,3,3,2,3,5,4,3,3,4,5,5,5,5,4,4,Khao sat that
2153,3,2,1,2,1,3,2,3,3,1,3,5,4,3,4,5,4,5,4,4,4,5,Khao sat that
2154,3,2,2,2,2,2,3,4,3,1,3,4,3,4,3,5,5,4,5,4,4,5,Khao sat that
2155,3,2,1,1,2,4,6,1,4,2,2,4,3,3,3,4,4,5,5,4,5,4,Khao sat that
2156,3,2,2,2,2,6,6,3,4,2,3,5,3,4,5,5,5,4,5,5,4,4,Khao sat that
2157,3,2,2,2,2,2,2,2,2,1,3,5,3,3,3,5,3,3,3,3,3,3,Khao sat that
2158,3,2,2,2,2,2,2,3,3,2,3,4,3,2,2,5,5,5,5,4,4,3,Khao sat that
2159,3,2,1,1,2,3,5,3,1,2,2,5,4,4,4,3,4,5,4,5,4,4,Khao sat that
2160,3,2,1,2,2,5,5,1,1,2,3,4,3,3,3,2,3,5,3,3,4,4,Khao sat that
2161,3,2,2,2,2,3,3,2,4,1,2,5,3,3,4,4,5,4,4,4,5,4,Khao sat that
2162,3,2,1,1,2,3,3,3,3,1,2,5,3,3,4,3,5,5,5,4,4,4,Khao sat that
2163,3,2,2,2,2,4,3,3,3,2,1,5,3,4,4,4,4,4,4,3,4,3,Khao sat that
2164,3,2,1,2,1,6,2,4,3,2,3,5,3,2,4,5,3,5,4,4,5,4,Khao sat that
2165,3,2,1,2,2,5,5,3,1,2,2,5,2,3,4,3,3,3,3,3,3,3,Khao sat that
2166,3,2,2,2,2,3,1,3,3,2,2,5,3,2,4,3,4,4,3,4,5,5,Khao sat that
2167,3,2,2,2,2,3,4,3,1,1,2,5,3,3,4,4,4,3,3,3,4,3,Khao sat that
2168,3,2,1,1,2,5,3,1,3,2,2,5,3,3,3,4,4,4,5,4,4,3,Khao sat that
2169,3,2,1,1,2,3,2,3,3,1,1,5,3,3,3,3,5,3,4,4,4,4,Khao sat that
2170,3,2,2,2,2,2,4,3,1,1,3,4,3,5,5,4,5,5,5,5,4,4,Khao sat that
2171,1,1,2,2,2,2,2,2,2,2,3,3,3,3,3,5,3,5,4,3,3,4,Mo phong bo sung
2172,1,1,1,2,2,1,1,1,1,2,2,4,4,4,4,4,4,5,5,4,5,3,Mo phong bo sung
2173,1,2,2,2,2,5,5,1,1,2,2,3,3,3,4,5,3,5,4,4,3,5,Mo phong bo sung
2174,1,1,2,2,2,3,3,3,3,2,1,3,4,3,3,3,4,4,4,4,4,2,Mo phong bo sung
2175,1,2,2,2,2,4,5,2,2,1,2,3,3,2,3,5,5,2,5,3,3,5,Mo phong bo sung
2176,1,2,2,2,2,5,4,1,1,1,1,3,3,4,4,5,5,5,5,4,4,4,Mo phong bo sung
2177,1,1,2,2,2,5,5,1,1,5,2,5,1,5,4,4,4,4,4,4,4,4,Mo phong bo sung
2178,1,1,2,2,2,4,4,2,1,2,2,3,4,5,5,5,5,5,5,5,5,5,Mo phong bo sung
2179,1,1,1,2,2,4,4,2,2,1,3,5,3,3,3,5,5,5,5,5,3,4,Mo phong bo sung
2180,1,2,1,2,2,3,3,2,2,3,2,1,3,1,2,2,2,5,5,5,2,5,Mo phong bo sung
2181,1,1,1,2,1,3,3,3,3,2,4,2,3,4,4,5,4,5,5,4,4,5,Mo phong bo sung
2182,1,2,1,2,2,5,5,2,1,1,3,5,3,5,5,5,5,5,5,5,5,5,Mo phong bo sung
2183,1,1,1,2,2,5,5,4,4,1,3,3,3,4,4,4,5,4,4,4,4,4,Mo phong bo sung
2184,1,1,1,2,2,3,3,3,3,2,3,3,4,3,4,5,4,4,4,4,5,4,Mo phong bo sung
2185,1,1,2,2,2,3,3,2,2,1,3,3,3,3,3,4,4,3,4,4,5,4,Mo phong bo sung
2186,1,2,2,2,2,5,3,1,1,3,4,2,4,3,3,3,3,3,4,4,2,2,Mo phong bo sung
2187,1,1,1,2,2,5,4,4,4,2,3,4,3,4,3,4,5,3,4,4,4,4,Mo phong bo sung
2188,1,1,1,2,2,5,5,3,3,5,5,3,4,5,5,5,5,5,5,5,3,3,Mo phong bo sung
2189,1,1,2,2,2,3,3,1,2,1,1,3,4,3,3,4,4,4,5,3,5,3,Mo phong bo sung
2190,1,1,2,2,2,5,4,1,1,2,2,4,4,4,4,5,5,5,5,4,3,3,Mo phong bo sung
2191,1,2,1,2,2,5,5,1,1,1,1,5,4,5,5,5,5,5,5,5,5,5,Mo phong bo sung
2192,1,2,2,2,2,4,4,4,4,2,3,5,3,2,3,3,3,3,3,3,3,3,Mo phong bo sung
2193,1,1,1,2,1,3,3,3,3,2,4,3,4,4,3,4,4,4,5,5,4,5,Mo phong bo sung
2194,1,2,1,2,2,5,5,3,4,2,2,2,3,4,4,5,5,3,4,3,3,4,Mo phong bo sung
2195,1,2,1,2,2,6,6,4,4,1,2,1,4,3,4,2,3,4,4,4,4,5,Mo phong bo sung
2196,1,2,1,2,2,5,3,3,3,3,3,3,4,1,3,3,4,3,4,3,4,3,Mo phong bo sung
2197,1,1,2,2,2,3,3,2,2,2,1,1,4,5,5,5,5,5,5,5,5,5,Mo phong bo sung
2198,1,2,2,2,2,5,5,1,1,2,1,2,4,4,4,4,4,4,4,5,4,5,Mo phong bo sung
2199,1,1,1,2,1,3,6,4,4,3,3,2,4,4,4,4,4,4,4,4,4,4,Mo phong bo sung
2200,1,2,2,2,2,4,5,2,2,3,2,5,4,4,5,5,4,3,5,4,4,4,Mo phong bo sung
2201,1,1,2,2,2,1,1,3,3,1,2,2,3,3,3,3,3,3,3,5,3,3,Mo phong bo sung
2202,1,2,2,2,2,4,4,1,1,1,1,2,4,4,4,4,4,4,5,4,4,4,Mo phong bo sung
2203,1,1,2,2,2,2,2,2,2,3,3,5,3,4,3,5,4,5,5,5,3,4,Mo phong bo sung
2204,1,1,2,2,2,5,5,1,4,2,2,4,3,4,4,4,4,5,5,3,4,4,Mo phong bo sung
2205,1,1,1,2,2,5,5,1,1,2,2,4,4,4,4,5,5,5,5,4,5,4,Mo phong bo sung
2206,1,2,2,2,2,5,5,1,1,1,2,3,3,5,5,5,5,5,5,5,5,5,Mo phong bo sung
2207,1,2,2,2,2,2,2,3,3,3,3,5,3,3,3,3,3,3,3,3,1,1,Mo phong bo sung
2208,1,2,2,2,2,4,4,1,1,1,3,5,4,3,4,4,5,5,4,4,4,5,Mo phong bo sung
2209,1,1,1,1,2,5,1,1,3,3,3,3,3,3,2,5,5,5,5,5,5,4,Mo phong bo sung
2210,1,1,2,2,2,5,6,1,3,2,3,5,4,5,4,5,5,5,5,4,4,4,Mo phong bo sung
2211,1,2,2,2,2,4,4,2,2,2,3,3,4,3,3,4,4,3,4,4,3,3,Mo phong bo sung
2212,1,2,2,2,2,5,3,1,1,3,4,3,4,3,3,3,3,3,3,4,2,2,Mo phong bo sung
2213,1,1,1,2,2,3,3,2,1,3,3,4,3,3,4,5,5,4,5,5,5,3,Mo phong bo sung
2214,1,1,2,2,2,3,5,5,2,3,2,4,2,3,3,4,3,3,4,4,2,2,Mo phong bo sung
2215,1,2,2,2,2,3,3,2,2,2,3,2,3,3,3,4,4,5,5,5,3,3,Mo phong bo sung
2216,1,2,2,2,2,5,5,1,1,2,2,3,3,4,5,5,5,5,4,5,5,5,Mo phong bo sung
2217,1,1,2,2,2,3,3,3,2,1,1,1,3,4,4,5,5,5,5,5,5,5,Mo phong bo sung
2218,1,2,2,2,2,4,4,2,2,3,2,5,4,3,4,5,4,4,5,4,3,3,Mo phong bo sung
2219,1,1,2,2,2,5,4,1,1,2,2,3,4,4,4,5,5,5,5,4,4,4,Mo phong bo sung
2220,1,2,2,2,2,4,4,2,3,1,3,1,3,5,5,5,5,5,4,4,4,4,Mo phong bo sung
2221,1,2,2,2,2,2,2,5,2,1,5,5,3,2,3,3,4,5,3,5,4,4,Mo phong bo sung
2222,1,2,1,2,1,3,4,4,2,2,3,5,3,2,2,5,5,2,5,3,3,4,Mo phong bo sung
2223,1,1,2,2,2,4,5,2,4,3,3,4,4,4,5,5,5,3,4,4,3,4,Mo phong bo sung
2224,1,2,1,2,2,6,6,4,3,3,3,3,4,4,4,4,4,4,5,4,3,3,Mo phong bo sung
2225,1,1,2,2,2,2,3,2,2,5,5,3,3,2,3,5,5,4,5,3,5,5,Mo phong bo sung
2226,1,2,2,2,2,3,3,3,3,2,2,1,4,4,4,4,4,4,4,4,4,4,Mo phong bo sung
2227,1,2,1,2,2,5,5,4,2,4,3,2,4,3,3,3,4,1,2,5,4,4,Mo phong bo sung
2228,1,1,1,2,2,4,2,2,2,2,5,3,3,1,1,1,5,1,3,3,5,5,Mo phong bo sung
2229,1,1,2,2,2,2,2,3,3,3,4,3,3,2,5,5,4,4,4,1,3,5,Mo phong bo sung
2230,1,2,2,2,2,3,3,2,2,3,3,4,3,3,4,4,5,5,5,5,5,5,Mo phong bo sung
2231,1,2,1,2,2,4,4,3,3,3,5,2,4,4,4,4,4,4,4,4,4,3,Mo phong bo sung
2232,1,1,1,2,2,4,4,4,4,1,5,2,2,2,3,3,3,3,4,5,4,5,Mo phong bo sung
2233,1,2,1,2,2,6,6,4,4,1,2,4,4,5,4,4,5,4,4,5,5,3,Mo phong bo sung
2234,1,1,1,2,2,5,5,2,1,3,2,5,3,4,4,5,5,5,5,4,4,5,Mo phong bo sung
2235,1,2,1,2,2,3,3,2,1,3,3,5,3,3,4,5,5,4,5,5,5,3,Mo phong bo sung
2236,1,1,2,2,2,4,5,2,3,1,3,4,4,3,4,5,4,4,4,5,4,5,Mo phong bo sung
2237,1,2,2,2,2,5,4,1,1,1,1,5,3,4,4,4,4,4,4,4,3,3,Mo phong bo sung
2238,1,2,2,2,2,5,4,1,1,2,2,3,4,4,4,5,5,5,5,4,3,3,Mo phong bo sung
2239,1,1,2,2,2,5,5,1,1,2,3,4,4,5,5,5,5,5,5,5,5,5,Mo phong bo sung
2240,1,2,2,2,2,2,2,2,4,1,5,3,3,2,4,2,2,5,4,4,4,3,Mo phong bo sung
2241,1,1,1,2,2,5,5,4,2,3,2,3,2,3,2,3,4,4,5,5,5,4,Mo phong bo sung
2242,1,1,1,1,2,5,1,1,3,3,3,5,3,3,2,5,5,5,5,5,5,4,Mo phong bo sung
2243,1,2,2,2,2,5,3,1,1,3,4,3,4,3,3,3,3,3,4,4,2,2,Mo phong bo sung
2244,1,2,1,2,2,5,4,2,1,3,5,4,2,2,3,3,4,4,3,5,4,4,Mo phong bo sung
2245,1,2,2,2,2,4,4,2,2,3,2,3,4,3,4,5,4,4,5,4,3,3,Mo phong bo sung
2246,1,2,2,2,2,5,6,4,3,1,4,2,4,4,5,4,3,4,4,3,4,4,Mo phong bo sung
2247,1,1,2,2,2,5,3,1,1,3,4,2,1,3,3,3,3,3,3,4,2,2,Mo phong bo sung
2248,1,2,1,1,2,5,3,1,3,2,2,3,3,3,3,4,4,4,5,4,4,3,Mo phong bo sung
2249,1,2,1,2,2,4,3,1,1,1,2,4,4,4,5,5,5,5,5,5,5,4,Mo phong bo sung
2250,1,1,2,2,2,2,2,2,1,3,5,4,3,3,1,5,5,2,5,4,3,3,Mo phong bo sung
2251,1,2,1,2,2,4,2,2,2,2,5,3,3,1,1,1,5,1,3,3,5,5,Mo phong bo sung
2252,1,2,2,2,2,2,3,1,2,3,4,1,4,3,3,5,5,4,5,3,4,5,Mo phong bo sung
2253,1,2,1,2,2,4,4,1,1,4,3,3,3,2,3,5,5,5,5,5,4,3,Mo phong bo sung
2254,1,1,2,2,2,3,3,3,3,5,2,2,4,2,4,3,3,3,3,3,3,3,Mo phong bo sung
2255,1,1,2,2,2,4,1,2,2,3,5,3,3,3,2,1,5,2,5,5,3,4,Mo phong bo sung
2256,1,1,1,2,2,2,3,2,2,3,2,3,3,5,5,5,5,5,5,5,4,4,Mo phong bo sung
2257,1,1,2,2,2,4,4,1,1,1,3,3,3,4,5,4,5,5,5,5,3,4,Mo phong bo sung
2258,1,1,2,2,2,2,3,3,3,2,3,3,3,3,5,4,3,3,3,4,5,4,Mo phong bo sung
2259,1,1,1,2,2,3,2,3,3,2,3,1,5,3,4,4,4,5,5,5,5,4,Mo phong bo sung
2260,1,1,2,2,2,4,4,1,1,1,1,2,5,4,4,4,5,5,5,5,3,4,Mo phong bo sung
2261,1,1,2,2,2,4,4,1,4,2,3,4,3,2,3,3,3,3,3,3,3,3,Mo phong bo sung
2262,1,2,1,2,2,1,1,1,1,2,1,3,1,1,2,3,1,1,1,3,3,2,Mo phong bo sung
2263,1,1,2,2,2,4,4,3,3,3,4,5,5,4,4,4,5,3,4,4,4,4,Mo phong bo sung
2264,1,2,2,2,2,5,4,3,3,1,3,5,4,3,4,4,4,5,5,4,4,4,Mo phong bo sung
2265,1,1,2,2,2,5,5,1,1,1,2,2,4,5,4,4,5,5,5,5,4,4,Mo phong bo sung
2266,1,1,2,2,2,3,5,2,1,1,1,3,4,4,4,4,4,4,4,4,4,4,Mo phong bo sung
2267,1,2,2,2,2,3,4,2,2,1,1,3,3,3,3,3,4,4,4,5,5,3,Mo phong bo sung
2268,1,1,2,2,2,5,3,2,2,1,2,1,4,2,3,3,5,4,5,3,3,2,Mo phong bo sung
2269,1,2,2,2,2,3,3,3,3,3,3,1,3,5,5,5,5,5,5,5,5,5,Mo phong bo sung
2270,1,2,2,2,2,1,1,1,2,3,5,4,2,3,3,3,4,4,4,2,2,4,Mo phong bo sung
2271,1,1,2,2,2,3,3,3,3,2,2,4,3,3,5,5,5,4,4,5,4,4,Mo phong bo sung
2272,1,2,1,2,2,3,2,5,2,3,2,3,4,3,2,1,5,3,5,3,5,5,Mo phong bo sung
2273,1,2,2,2,2,5,5,3,3,3,2,4,4,5,3,4,5,5,5,5,5,4,Mo phong bo sung
2274,1,2,2,2,2,5,3,1,1,3,4,3,1,3,3,3,3,3,3,4,2,2,Mo phong bo sung
2275,1,2,1,2,2,5,5,5,2,5,3,4,4,5,5,5,5,5,5,5,5,5,Mo phong bo sung
2276,1,2,1,2,2,2,3,3,4,1,3,3,3,3,2,3,4,3,5,3,3,5,Mo phong bo sung
2277,1,2,2,2,2,5,5,4,4,3,4,3,4,5,5,5,5,5,5,5,5,4,Mo phong bo sung
2278,1,2,2,2,2,5,5,1,1,2,3,5,4,5,5,5,5,5,5,5,5,5,Mo phong bo sung
2279,1,1,1,1,2,4,1,1,3,2,2,4,3,3,3,4,4,5,5,4,3,3,Mo phong bo sung
2280,1,2,1,2,2,1,2,2,2,4,2,3,3,2,3,3,3,3,2,3,2,2,Mo phong bo sung
2281,1,1,2,2,2,5,5,1,1,3,5,5,4,5,5,5,5,5,5,5,5,5,Mo phong bo sung
2282,1,1,2,2,2,3,3,3,3,1,4,3,4,3,3,4,4,5,5,4,3,3,Mo phong bo sung
2283,1,2,1,2,2,5,3,4,3,1,3,4,4,5,5,5,5,5,5,5,5,5,Mo phong bo sung
2284,1,1,1,2,2,2,2,2,2,3,3,4,4,5,5,5,5,5,5,5,5,5,Mo phong bo sung
2285,1,2,1,2,2,6,6,4,4,2,3,3,3,3,3,3,3,3,3,3,3,3,Mo phong bo sung
2286,1,1,2,2,2,2,1,3,3,2,1,4,3,3,5,4,5,5,5,5,5,4,Mo phong bo sung
2287,1,2,2,2,2,5,4,2,2,3,5,3,2,3,1,3,5,2,5,3,1,4,Mo phong bo sung
2288,1,1,2,2,2,2,2,3,3,3,3,5,4,4,4,4,4,4,4,4,4,4,Mo phong bo sung
2289,1,2,2,2,2,5,4,1,1,3,1,5,4,4,5,5,5,4,5,4,4,4,Mo phong bo sung
2290,1,2,1,2,2,5,5,2,1,1,1,5,3,4,5,5,5,5,5,4,4,5,Mo phong bo sung
2291,1,2,1,2,2,3,4,2,4,4,5,5,2,2,3,5,5,2,4,4,5,5,Mo phong bo sung
2292,1,1,2,2,2,5,5,1,1,3,2,2,4,4,4,5,5,4,5,4,5,5,Mo phong bo sung
2293,1,2,1,1,2,2,2,3,3,2,4,4,2,5,3,5,5,3,5,5,4,4,Mo phong bo sung
2294,1,2,1,2,2,6,6,4,4,3,4,4,3,3,3,3,3,3,3,3,3,3,Mo phong bo sung
2295,1,1,2,2,2,4,3,2,2,2,3,3,3,4,3,4,5,5,5,4,4,5,Mo phong bo sung
2296,1,2,1,2,2,5,5,4,4,1,1,3,4,3,2,4,4,5,5,5,4,3,Mo phong bo sung
2297,1,2,1,1,2,4,1,1,3,2,2,2,3,3,3,4,4,5,5,4,3,3,Mo phong bo sung
2298,1,1,2,2,2,5,5,1,3,1,2,2,3,3,3,5,5,5,5,5,4,3,Mo phong bo sung
2299,1,1,2,2,2,3,3,3,3,3,4,4,4,3,3,3,3,3,3,3,3,3,Mo phong bo sung
2300,1,2,2,2,2,6,6,4,4,3,3,2,4,4,4,3,3,3,3,3,3,4,Mo phong bo sung
2301,1,2,2,2,2,3,3,2,2,1,2,4,3,3,3,5,5,5,4,5,4,3,Mo phong bo sung
2302,1,1,1,2,2,4,5,3,5,1,4,1,3,5,5,5,5,5,5,5,5,5,Mo phong bo sung
2303,1,2,2,2,2,3,3,4,4,4,5,3,3,4,3,3,4,5,5,5,5,4,Mo phong bo sung
2304,1,2,2,2,2,5,5,1,1,2,1,1,3,3,3,5,5,5,5,5,3,4,Mo phong bo sung
2305,1,2,2,2,2,1,4,2,4,4,3,4,5,1,3,4,3,1,5,3,4,3,Mo phong bo sung
2306,1,1,2,2,2,5,5,1,1,3,5,2,4,5,5,5,5,5,4,5,5,4,Mo phong bo sung
2307,1,2,2,2,2,4,4,4,4,2,3,3,3,3,3,3,3,3,3,3,3,3,Mo phong bo sung
2308,1,2,2,2,2,3,3,3,3,3,3,2,3,3,3,3,3,3,3,3,3,3,Mo phong bo sung
2309,1,2,2,2,2,5,5,2,2,3,1,3,3,4,4,4,4,4,4,4,4,4,Mo phong bo sung
2310,1,1,1,2,2,4,4,2,2,3,3,4,3,3,4,4,4,4,4,4,4,4,Mo phong bo sung
2311,1,2,2,2,2,5,5,4,2,3,4,2,1,5,5,5,5,5,5,5,5,5,Mo phong bo sung
2312,1,2,2,2,2,4,5,4,3,4,5,4,3,4,3,3,5,4,3,4,5,4,Mo phong bo sung
2313,1,1,2,2,2,2,5,3,4,1,2,4,3,4,4,4,4,5,5,4,5,3,Mo phong bo sung
2314,1,2,1,1,2,3,3,3,3,3,3,5,3,4,3,3,3,5,5,4,3,3,Mo phong bo sung
2315,1,2,2,2,2,4,3,1,3,1,2,3,3,3,4,5,5,5,5,4,5,4,Mo phong bo sung
2316,1,1,2,2,2,3,4,3,1,3,2,5,5,4,4,5,5,5,5,5,4,4,Mo phong bo sung
2317,1,2,2,2,2,3,2,1,1,3,3,1,3,3,3,4,5,5,5,5,4,5,Mo phong bo sung
2318,1,1,1,2,1,6,3,3,3,2,2,5,4,3,3,3,3,4,5,3,3,3,Mo phong bo sung
2319,1,2,2,2,2,2,3,2,2,1,1,2,4,5,5,5,5,5,5,5,5,5,Mo phong bo sung
2320,1,2,2,2,2,5,5,4,1,2,2,3,5,5,4,4,5,5,5,4,4,4,Mo phong bo sung
2321,1,2,1,2,2,2,2,2,2,2,2,1,3,5,5,5,5,5,5,5,4,4,Mo phong bo sung
2322,1,2,1,1,2,2,4,2,3,1,2,4,3,3,5,5,5,5,5,5,5,5,Mo phong bo sung
2323,1,2,2,2,2,6,2,4,3,1,1,3,3,5,5,5,5,5,5,5,3,4,Mo phong bo sung
2324,1,1,1,2,2,3,4,3,4,3,2,5,3,3,5,4,5,4,4,5,5,4,Mo phong bo sung
2325,1,1,2,2,2,3,3,3,3,2,2,2,4,4,3,5,5,5,5,5,5,3,Mo phong bo sung
2326,1,1,1,2,2,5,4,3,2,3,1,5,3,3,3,5,5,5,5,5,4,4,Mo phong bo sung
2327,1,1,2,2,2,2,2,3,3,1,3,3,3,3,3,3,3,4,5,4,5,3,Mo phong bo sung
2328,1,1,2,2,2,5,4,2,3,2,3,2,3,4,4,4,4,4,4,4,3,4,Mo phong bo sung
2329,1,2,1,2,2,2,1,2,3,2,3,4,3,3,4,3,3,4,3,4,3,3,Mo phong bo sung
2330,1,1,1,2,2,5,4,4,3,5,3,1,3,1,3,4,5,5,4,4,4,4,Mo phong bo sung
2331,1,2,2,2,2,5,5,2,4,1,1,3,3,3,4,3,3,4,4,5,4,4,Mo phong bo sung
2332,1,2,1,2,2,1,1,1,1,3,4,3,4,3,5,5,4,5,5,4,4,4,Mo phong bo sung
2333,1,2,2,2,2,5,5,1,1,3,3,1,4,3,3,4,4,4,4,5,3,3,Mo phong bo sung
2334,1,2,1,1,2,1,1,3,3,1,3,3,3,5,5,5,5,5,5,5,5,5,Mo phong bo sung
2335,1,2,1,2,1,3,3,3,3,2,4,3,4,4,3,5,5,5,5,5,5,4,Mo phong bo sung
2336,1,2,1,2,1,6,2,4,3,2,3,2,3,3,4,5,3,5,4,4,5,4,Mo phong bo sung
2337,1,2,1,2,2,2,2,3,3,3,4,5,4,4,4,3,5,4,5,4,3,3,Mo phong bo sung
2338,1,2,2,2,2,5,6,2,1,1,3,3,4,3,5,1,1,5,5,5,5,5,Mo phong bo sung
2339,1,2,2,2,2,2,3,3,3,4,5,2,4,4,4,5,5,5,5,4,5,5,Mo phong bo sung
2340,1,1,1,1,2,5,1,4,3,1,2,4,3,3,3,5,5,5,5,5,3,4,Mo phong bo sung
2341,1,1,2,2,2,5,5,3,3,3,5,3,3,5,5,5,5,5,5,5,5,5,Mo phong bo sung
2342,1,1,2,2,2,5,5,3,3,2,3,3,5,5,4,4,5,5,5,5,5,4,Mo phong bo sung
2343,1,2,2,2,2,4,4,4,4,2,2,3,3,3,3,3,3,3,3,3,3,4,Mo phong bo sung
2344,1,1,2,2,2,4,4,4,4,2,2,4,3,3,3,3,3,3,3,3,3,4,Mo phong bo sung
2345,1,2,1,2,2,6,6,4,4,3,3,4,3,5,5,5,5,5,5,5,4,4,Mo phong bo sung
2346,1,1,1,2,2,4,4,1,1,2,2,2,3,5,5,5,5,4,4,4,4,4,Mo phong bo sung
2347,1,1,2,2,2,3,3,3,3,1,2,4,2,4,3,3,3,4,5,3,3,3,Mo phong bo sung
2348,1,2,2,2,2,5,5,3,3,3,2,4,4,3,4,4,2,2,2,3,3,3,Mo phong bo sung
2349,1,2,1,1,2,3,2,3,3,1,1,4,3,3,3,3,5,3,4,4,4,4,Mo phong bo sung
2350,1,2,1,2,2,3,3,3,3,2,1,2,3,4,4,4,4,4,4,4,4,4,Mo phong bo sung
2351,1,2,2,2,2,3,4,2,2,2,2,2,4,3,3,3,5,5,5,5,5,5,Mo phong bo sung
2352,1,2,1,2,2,3,3,3,3,4,4,3,3,3,3,5,5,5,5,5,5,5,Mo phong bo sung
2353,1,2,1,1,2,5,1,4,3,1,2,1,3,3,3,5,5,5,5,5,3,4,Mo phong bo sung
2354,1,2,2,2,2,1,2,2,3,1,1,1,3,5,5,5,5,5,5,5,5,5,Mo phong bo sung
2355,1,2,1,2,2,5,5,5,4,3,4,4,5,3,3,5,5,5,5,5,5,5,Mo phong bo sung
2356,1,2,2,2,2,5,4,1,2,2,2,3,3,3,3,4,5,3,4,4,3,4,Mo phong bo sung
2357,1,2,2,2,2,3,3,2,2,2,3,4,3,4,3,3,4,4,3,3,3,3,Mo phong bo sung
2358,1,1,2,2,2,3,4,1,2,1,5,1,3,3,3,3,3,4,4,2,4,5,Mo phong bo sung
2359,1,2,2,2,2,2,2,1,2,3,2,4,3,4,4,4,4,4,4,4,4,4,Mo phong bo sung
2360,1,2,2,2,2,4,4,1,3,3,5,2,3,2,2,3,3,4,5,4,5,5,Mo phong bo sung
2361,1,1,2,2,2,1,1,1,1,1,1,5,4,3,4,4,5,4,5,4,4,5,Mo phong bo sung
2362,1,1,2,2,2,5,5,2,2,2,2,5,4,4,4,5,5,4,5,4,4,4,Mo phong bo sung
2363,1,2,2,2,2,2,2,3,4,3,4,4,4,3,3,3,5,2,5,4,4,3,Mo phong bo sung
2364,1,1,2,2,2,5,5,1,2,1,2,3,3,3,4,4,4,4,5,3,4,3,Mo phong bo sung
2365,1,2,1,2,2,6,6,4,4,2,5,1,3,3,3,3,3,3,3,3,3,3,Mo phong bo sung
2366,1,2,2,2,2,4,5,2,2,3,2,4,4,4,5,5,4,3,5,4,4,4,Mo phong bo sung
2367,1,1,2,2,2,5,5,1,2,2,3,3,4,5,4,4,5,5,5,5,5,4,Mo phong bo sung
2368,1,2,2,2,2,3,1,3,3,2,2,1,3,2,4,3,4,4,3,4,5,5,Mo phong bo sung
2369,1,2,2,2,2,5,4,2,2,2,2,3,4,4,3,5,3,4,4,4,4,4,Mo phong bo sung
2370,1,2,2,2,2,6,6,4,4,2,4,1,3,4,5,5,5,5,5,5,5,5,Mo phong bo sung
2371,1,1,1,2,2,5,5,4,2,3,2,3,2,3,2,3,4,4,5,5,5,4,Mo phong bo sung
2372,1,2,2,2,2,4,1,2,4,3,3,4,4,3,3,2,3,3,5,4,3,3,Mo phong bo sung
2373,1,1,1,2,2,3,2,2,2,3,5,4,2,3,2,4,2,4,4,4,4,4,Mo phong bo sung
2374,1,1,2,2,2,3,3,3,3,2,2,2,3,3,3,3,5,5,4,4,4,4,Mo phong bo sung
2375,1,2,1,2,2,3,3,2,3,2,2,2,3,4,4,5,5,5,5,5,5,5,Mo phong bo sung
2376,1,1,1,2,2,1,1,4,3,1,4,3,3,3,3,3,5,4,5,5,2,3,Mo phong bo sung
2377,1,2,1,2,2,2,3,4,1,3,4,1,4,1,1,3,3,3,3,3,3,3,Mo phong bo sung
2378,1,2,2,2,2,3,3,3,3,1,4,5,4,3,3,4,4,5,5,4,3,3,Mo phong bo sung
2379,1,2,2,2,2,5,5,4,4,3,4,5,3,5,5,5,5,5,5,5,5,3,Mo phong bo sung
2380,1,2,2,2,2,5,3,2,2,1,2,4,3,3,4,4,4,4,4,3,4,4,Mo phong bo sung
2381,1,2,1,2,2,2,3,2,2,2,2,1,3,4,2,2,3,2,2,2,3,2,Mo phong bo sung
2382,1,1,2,2,2,3,1,1,4,1,3,1,4,4,4,4,3,1,5,4,4,3,Mo phong bo sung
2383,1,1,2,2,2,3,4,3,4,2,1,5,3,3,4,4,5,4,5,4,4,3,Mo phong bo sung
2384,1,2,2,2,2,5,4,1,1,1,2,2,3,4,4,4,4,4,4,4,4,4,Mo phong bo sung
2385,1,2,2,2,2,4,3,2,4,2,4,2,3,2,3,5,5,3,4,4,4,3,Mo phong bo sung
2386,1,2,2,2,2,4,2,1,2,3,2,4,3,2,2,3,3,2,5,5,3,4,Mo phong bo sung
2387,1,2,2,2,2,5,4,3,3,2,2,3,1,4,3,5,5,4,5,4,5,5,Mo phong bo sung
2388,1,2,2,2,2,1,2,2,3,3,2,3,3,4,3,4,4,4,4,4,4,4,Mo phong bo sung
2389,1,2,2,2,2,4,4,1,1,2,1,3,3,3,5,5,5,5,5,5,5,5,Mo phong bo sung
2390,1,2,2,2,2,4,4,1,1,1,2,4,3,4,4,3,4,5,5,5,3,4,Mo phong bo sung
2391,1,1,2,2,2,5,4,3,3,5,3,3,4,3,3,4,4,4,5,4,4,4,Mo phong bo sung
2392,1,2,1,2,1,4,4,4,4,3,4,4,3,4,4,4,3,5,5,4,5,3,Mo phong bo sung
2393,1,2,2,2,2,5,5,2,2,3,4,3,4,4,4,4,4,4,4,4,4,4,Mo phong bo sung
2394,1,1,2,2,2,3,3,2,2,1,3,2,3,2,4,5,5,5,5,4,5,4,Mo phong bo sung
2395,1,2,2,2,2,3,3,2,2,3,5,2,1,3,3,5,4,5,4,5,4,5,Mo phong bo sung
2396,1,2,2,2,2,2,3,1,2,1,1,4,3,5,5,5,5,5,5,5,5,5,Mo phong bo sung
2397,1,2,2,2,2,5,5,1,2,3,3,2,3,4,5,4,5,4,5,4,4,5,Mo phong bo sung
2398,1,2,2,2,2,2,2,2,3,3,3,4,2,1,3,5,3,5,5,4,3,3,Mo phong bo sung
2399,1,2,1,2,2,4,5,1,1,2,2,4,4,4,4,4,5,5,5,5,5,5,Mo phong bo sung
2400,1,2,2,2,2,3,3,3,3,2,2,5,4,4,4,4,4,4,4,4,4,4,Mo phong bo sung
2401,1,1,2,2,2,2,2,3,3,2,2,1,3,3,3,3,3,3,3,3,3,3,Mo phong bo sung
2402,1,2,2,2,2,4,4,1,1,1,1,2,4,4,4,4,5,5,5,5,3,4,Mo phong bo sung
2403,1,2,2,2,2,3,3,3,3,1,3,4,3,3,4,4,5,4,4,4,4,4,Mo phong bo sung
2404,1,1,2,2,2,3,4,1,2,1,5,3,3,3,3,3,3,4,4,2,4,5,Mo phong bo sung
2405,1,1,1,2,2,2,2,2,2,3,4,2,3,3,3,3,3,3,3,3,3,3,Mo phong bo sung
2406,1,2,2,2,2,3,3,2,2,2,3,5,3,3,3,4,4,5,5,5,3,3,Mo phong bo sung
2407,1,1,2,2,2,1,1,1,1,1,3,4,3,4,4,4,5,5,5,5,4,4,Mo phong bo sung
2408,1,2,2,2,2,2,2,3,4,3,4,2,4,3,3,3,5,2,5,4,4,3,Mo phong bo sung
2409,1,2,2,2,2,4,4,4,4,2,2,1,3,3,3,3,3,3,3,3,3,4,Mo phong bo sung
2410,1,1,2,2,2,5,5,2,2,3,3,4,4,3,3,4,4,4,4,3,3,3,Mo phong bo sung
2411,1,2,2,2,2,5,5,1,1,1,5,3,4,5,5,5,5,5,5,5,5,5,Mo phong bo sung
2412,1,2,2,2,2,4,4,1,2,2,4,5,5,3,3,3,3,4,4,4,3,3,Mo phong bo sung
2413,1,2,1,2,2,3,3,3,3,3,2,3,3,3,5,5,5,5,5,5,5,5,Mo phong bo sung
2414,1,2,2,2,2,3,2,2,3,2,2,2,4,5,5,5,5,5,5,5,5,3,Mo phong bo sung
2415,1,2,1,2,2,5,5,5,4,3,4,2,5,3,3,5,5,5,5,5,5,5,Mo phong bo sung
2416,1,2,2,2,2,5,3,1,1,3,4,3,4,3,3,3,3,3,4,4,2,2,Mo phong bo sung
2417,1,1,1,1,2,5,4,1,3,2,3,4,4,3,3,5,4,5,4,5,3,3,Mo phong bo sung
2418,1,2,1,1,2,2,4,2,3,1,2,1,3,3,5,5,5,5,5,5,5,5,Mo phong bo sung
2419,1,1,2,2,2,5,2,2,2,3,4,3,4,5,4,4,3,4,5,5,5,4,Mo phong bo sung
2420,1,1,1,2,2,5,5,5,2,5,3,3,4,5,5,5,5,5,5,5,5,5,Mo phong bo sung
2421,1,2,1,2,2,2,3,4,1,3,4,4,4,1,1,3,3,3,3,3,3,3,Mo phong bo sung
2422,1,2,2,2,2,1,4,1,2,1,3,2,4,1,2,2,2,2,2,2,2,2,Mo phong bo sung
2423,1,1,1,1,2,3,3,2,2,3,3,5,3,3,1,2,2,3,2,2,2,3,Mo phong bo sung
2424,1,2,1,1,2,5,5,1,1,2,3,3,3,3,2,4,3,5,5,5,5,3,Mo phong bo sung
2425,1,1,2,2,2,3,3,3,3,1,2,4,2,4,3,3,3,4,5,3,3,3,Mo phong bo sung
2426,1,2,2,2,2,3,4,2,2,5,5,4,2,3,1,3,5,2,5,3,3,4,Mo phong bo sung
2427,1,2,2,2,2,3,3,3,3,1,1,5,3,3,4,4,4,4,5,3,4,4,Mo phong bo sung
2428,1,2,2,2,2,5,3,1,1,3,4,2,1,3,3,3,3,3,3,4,2,2,Mo phong bo sung
2429,1,1,1,2,1,3,3,3,3,2,3,4,3,3,3,5,5,5,5,5,3,3,Mo phong bo sung
2430,1,1,2,2,2,4,4,1,1,2,3,2,3,3,4,3,3,3,3,3,3,3,Mo phong bo sung
2431,1,1,2,2,2,5,3,1,1,3,4,3,3,3,3,3,3,3,3,4,2,2,Mo phong bo sung
2432,1,2,2,2,2,3,3,3,3,2,3,2,4,3,3,3,4,4,4,4,2,2,Mo phong bo sung
2433,1,1,2,2,2,4,3,1,3,1,2,3,4,3,4,3,3,2,3,4,3,4,Mo phong bo sung
2434,1,2,1,2,2,3,3,3,3,1,3,1,3,4,4,5,3,5,5,5,3,3,Mo phong bo sung
2435,1,2,1,2,2,6,6,4,4,2,2,5,3,4,4,4,4,4,4,4,4,4,Mo phong bo sung
2436,1,1,2,2,2,3,3,2,2,3,2,1,3,3,2,5,4,5,4,4,4,5,Mo phong bo sung
2437,1,2,2,2,2,5,5,4,4,3,4,3,3,5,5,5,5,5,5,5,5,3,Mo phong bo sung
2438,1,2,2,2,2,4,5,2,4,4,5,4,3,2,3,3,5,2,5,3,3,4,Mo phong bo sung
2439,1,1,1,2,2,4,5,3,3,2,2,2,4,5,5,5,5,5,5,5,5,5,Mo phong bo sung
2440,1,2,2,2,2,3,3,3,3,3,4,3,4,2,3,3,3,3,3,3,3,3,Mo phong bo sung
2441,1,1,2,2,2,1,1,2,2,3,3,3,3,4,3,5,5,4,5,4,3,5,Mo phong bo sung
2442,1,2,2,2,2,1,4,4,3,3,1,4,4,4,4,5,4,4,4,4,4,4,Mo phong bo sung
2443,1,2,2,2,2,3,3,3,3,2,2,4,3,4,4,4,4,4,4,4,4,4,Mo phong bo sung
2444,1,2,1,2,2,5,5,3,3,4,5,4,3,5,5,5,5,5,5,5,2,4,Mo phong bo sung
2445,1,1,1,2,2,3,3,3,3,3,3,4,3,3,3,3,3,3,3,3,3,3,Mo phong bo sung
2446,1,2,2,2,2,2,2,2,2,2,3,3,3,3,3,5,3,5,5,5,3,3,Mo phong bo sung
2447,1,2,1,2,2,6,6,4,4,2,5,3,4,5,5,5,5,5,5,5,5,5,Mo phong bo sung
2448,1,1,2,2,2,5,4,1,1,1,2,2,3,4,3,4,3,4,5,4,4,4,Mo phong bo sung
2449,1,2,2,2,2,5,5,1,1,2,2,2,3,5,5,5,5,5,5,5,5,5,Mo phong bo sung
2450,1,2,2,2,2,5,5,2,2,2,3,5,4,4,4,5,5,4,5,4,4,4,Mo phong bo sung
2451,1,2,2,2,2,3,2,2,3,2,3,2,3,4,4,4,5,4,5,4,3,3,Mo phong bo sung
2452,1,1,1,2,2,5,5,4,2,3,2,5,2,3,2,3,4,4,5,5,5,4,Mo phong bo sung
2453,1,2,1,2,2,4,5,3,3,4,3,3,3,3,3,3,5,5,5,4,3,3,Mo phong bo sung
2454,1,2,2,2,2,3,5,3,1,1,3,1,4,4,4,4,4,4,4,4,3,4,Mo phong bo sung
2455,1,1,2,2,2,4,4,2,3,2,1,2,2,5,4,4,4,4,5,4,4,4,Mo phong bo sung
2456,1,2,1,2,1,3,3,3,3,2,5,3,3,3,4,5,5,4,5,4,4,4,Mo phong bo sung
2457,1,2,2,2,2,5,5,1,1,2,2,2,4,5,5,4,4,4,4,4,4,4,Mo phong bo sung
2458,1,2,2,2,2,3,3,3,3,1,2,3,3,3,3,4,4,4,5,5,5,4,Mo phong bo sung
2459,1,2,2,2,2,5,4,1,1,3,1,4,4,4,5,5,5,4,5,4,4,4,Mo phong bo sung
2460,1,1,2,2,2,3,3,2,2,2,2,3,2,3,3,3,4,4,4,3,3,3,Mo phong bo sung
2461,1,1,2,2,2,4,4,2,2,2,3,3,2,2,4,4,2,5,4,2,2,2,Mo phong bo sung
2462,1,2,2,2,2,2,2,2,3,3,3,5,3,3,3,4,3,5,5,5,3,3,Mo phong bo sung
2463,1,2,2,2,2,3,3,2,2,1,3,2,4,3,3,5,3,5,5,5,3,3,Mo phong bo sung
2464,1,1,1,2,1,2,3,2,2,1,1,3,2,5,5,5,5,5,5,5,5,5,Mo phong bo sung
2465,1,2,1,1,2,1,1,3,3,1,3,5,3,5,5,5,5,5,5,5,5,5,Mo phong bo sung
2466,1,1,1,1,2,6,6,3,3,2,3,3,4,3,4,4,4,5,4,5,4,4,Mo phong bo sung
2467,1,1,2,2,2,4,5,1,3,3,2,3,4,1,5,4,4,4,3,2,4,5,Mo phong bo sung
2468,1,2,2,2,2,5,5,3,3,1,2,3,3,5,3,4,5,5,5,5,5,4,Mo phong bo sung
2469,1,2,2,2,2,5,5,2,1,3,3,2,3,4,4,4,4,4,4,4,4,4,Mo phong bo sung
2470,1,1,2,2,2,2,2,3,3,3,2,4,3,3,4,4,5,5,5,5,5,4,Mo phong bo sung
2471,2,2,2,2,2,5,4,3,3,5,5,5,4,2,4,4,4,5,4,4,4,4,Mo phong bo sung
2472,2,1,1,2,2,5,5,5,2,5,3,2,4,5,5,5,5,5,5,5,5,5,Mo phong bo sung
2473,2,2,1,2,1,3,4,1,4,2,5,4,4,2,1,5,5,2,5,4,3,3,Mo phong bo sung
2474,2,1,1,2,2,4,2,2,5,3,5,3,2,3,3,4,4,4,4,5,4,3,Mo phong bo sung
2475,2,1,1,2,2,4,2,2,2,2,5,4,2,2,3,3,4,4,5,5,5,3,Mo phong bo sung
2476,2,2,2,2,2,3,2,1,4,3,5,1,2,2,3,4,5,5,5,4,2,3,Mo phong bo sung
2477,2,2,1,2,2,5,3,3,2,2,2,4,2,3,4,4,4,4,5,4,3,3,Mo phong bo sung
2478,2,2,1,2,2,2,1,2,3,3,3,3,3,3,3,4,3,4,5,4,3,5,Mo phong bo sung
2479,2,1,1,2,1,3,3,3,3,2,4,4,3,4,4,5,4,4,5,4,4,5,Mo phong bo sung
2480,2,2,1,1,2,2,2,3,3,3,2,2,4,3,4,4,4,4,4,4,3,3,Mo phong bo sung
2481,2,1,1,2,2,5,4,3,2,2,3,3,5,4,4,4,4,4,4,4,4,3,Mo phong bo sung
2482,2,2,2,2,2,5,5,2,2,2,2,5,4,4,4,5,5,4,5,4,4,4,Mo phong bo sung
2483,2,1,2,2,2,5,5,1,1,1,2,4,3,5,5,5,5,5,5,5,5,5,Mo phong bo sung
2484,2,2,2,2,2,5,5,4,4,3,4,2,4,5,5,5,5,5,5,5,5,5,Mo phong bo sung
2485,2,2,1,2,2,3,2,3,4,3,4,5,4,1,2,3,3,3,3,3,3,3,Mo phong bo sung
2486,2,1,2,2,2,5,3,1,3,2,2,2,5,3,4,4,4,4,5,3,5,4,Mo phong bo sung
2487,2,1,2,2,2,6,6,4,4,3,4,1,3,3,3,3,3,3,3,3,5,3,Mo phong bo sung
2488,2,2,2,2,2,3,4,4,3,1,5,1,2,4,3,3,5,2,5,3,3,4,Mo phong bo sung
2489,2,2,2,2,2,5,5,1,1,2,3,4,3,5,5,5,5,5,5,5,5,5,Mo phong bo sung
2490,2,1,1,1,2,3,3,3,3,2,2,4,3,3,4,3,5,5,5,4,3,3,Mo phong bo sung
2491,2,2,2,2,2,1,2,2,4,3,4,5,3,4,2,5,5,2,5,3,3,4,Mo phong bo sung
2492,2,1,1,2,2,6,6,4,4,1,3,4,4,4,4,5,5,4,5,5,5,4,Mo phong bo sung
2493,2,1,2,2,2,5,5,1,1,2,2,5,4,4,4,4,5,5,5,5,4,4,Mo phong bo sung
2494,2,2,2,2,2,3,4,3,4,2,2,5,3,3,4,4,5,4,5,4,4,3,Mo phong bo sung
2495,2,2,2,2,2,5,5,1,1,2,2,3,3,5,5,5,5,5,5,5,5,5,Mo phong bo sung
2496,2,1,1,2,2,6,6,1,1,2,3,4,3,3,4,4,4,5,4,5,4,3,Mo phong bo sung
2497,2,2,1,1,2,6,1,3,3,1,3,5,4,3,3,3,4,3,4,3,4,4,Mo phong bo sung
2498,2,2,1,2,2,1,3,4,2,1,5,3,2,3,3,5,3,3,4,5,5,5,Mo phong bo sung
2499,2,2,2,2,2,5,3,1,1,3,4,2,3,3,3,3,3,3,3,4,2,2,Mo phong bo sung
2500,2,2,1,2,2,2,2,1,1,2,4,5,4,3,3,4,4,5,4,4,5,4,Mo phong bo sung
2501,2,2,1,2,2,2,4,4,4,3,3,1,5,4,3,4,5,5,5,4,3,3,Mo phong bo sung
2502,2,2,2,2,2,4,4,1,1,2,3,3,3,2,2,2,2,3,4,4,3,3,Mo phong bo sung
2503,2,1,1,1,2,3,3,3,3,4,5,5,3,3,3,4,5,4,4,4,4,4,Mo phong bo sung
2504,2,1,2,2,2,5,3,1,1,3,4,4,4,3,3,3,3,3,3,4,2,2,Mo phong bo sung
2505,2,2,1,2,2,2,2,1,3,2,1,4,4,2,2,3,1,2,3,2,2,1,Mo phong bo sung
2506,2,2,2,2,2,3,3,2,2,2,3,3,5,3,3,3,3,3,3,3,3,2,Mo phong bo sung
2507,2,2,1,1,2,5,3,1,3,2,4,2,3,3,3,4,4,4,5,4,4,3,Mo phong bo sung
2508,2,2,2,2,2,3,3,3,3,3,2,3,3,4,4,4,4,4,4,4,4,4,Mo phong bo sung
2509,2,2,2,2,2,6,6,4,4,3,3,4,4,4,4,4,4,4,4,4,4,4,Mo phong bo sung
2510,2,2,2,2,2,2,2,1,4,4,5,3,4,4,3,2,5,2,5,5,5,5,Mo phong bo sung
2511,2,1,1,2,1,3,3,3,3,2,5,4,3,4,4,5,5,5,5,5,4,5,Mo phong bo sung
2512,2,2,1,2,2,5,5,5,4,3,4,5,3,3,3,5,5,5,5,5,5,4,Mo phong bo sung
2513,2,2,1,1,2,3,3,1,2,2,3,4,3,4,4,5,5,4,5,5,3,4,Mo phong bo sung
2514,2,1,2,2,2,3,3,4,4,2,2,4,3,3,3,5,5,5,5,5,4,5,Mo phong bo sung
2515,2,2,1,2,2,5,5,2,3,2,3,4,3,4,3,4,3,4,4,5,4,4,Mo phong bo sung
2516,2,2,2,2,2,5,6,2,4,2,3,3,4,3,3,3,3,5,5,4,4,5,Mo phong bo sung
2517,2,2,2,2,2,5,5,4,2,1,4,2,4,5,3,3,4,5,4,4,5,5,Mo phong bo sung
2518,2,2,2,2,2,5,5,3,3,1,2,4,3,4,4,5,4,4,5,5,4,4,Mo phong bo sung
2519,2,1,1,1,2,1,1,3,3,2,2,4,3,4,4,5,4,5,5,5,4,5,Mo phong bo sung
2520,2,2,2,2,2,5,4,1,1,2,2,5,4,4,4,3,4,5,4,5,4,5,Mo phong bo sung
2521,2,1,1,2,2,5,4,3,2,2,3,1,5,4,4,4,4,4,4,4,4,3,Mo phong bo sung
2522,2,2,1,2,2,5,5,1,1,1,5,3,3,3,3,4,4,4,5,4,4,4,Mo phong bo sung
2523,2,1,2,2,2,4,3,2,2,1,1,1,5,3,3,3,3,3,5,4,3,3,Mo phong bo sung
2524,2,1,2,2,2,3,3,2,2,1,2,3,3,2,2,2,5,5,5,2,2,2,Mo phong bo sung
2525,2,2,1,2,2,3,3,3,3,4,3,3,3,1,3,3,3,3,3,3,3,3,Mo phong bo sung
2526,2,1,1,2,2,3,3,3,3,5,5,2,3,3,3,3,3,3,3,3,3,3,Mo phong bo sung
2527,2,1,1,2,2,3,4,2,3,3,5,5,3,2,3,3,4,4,4,5,5,2,Mo phong bo sung
2528,2,1,2,2,2,5,5,4,3,2,2,4,2,5,3,5,5,5,4,3,5,4,Mo phong bo sung
2529,2,2,1,1,2,3,3,3,3,2,2,3,3,3,3,4,5,5,5,4,4,3,Mo phong bo sung
2530,2,2,1,2,2,1,1,1,1,1,1,4,3,3,3,3,5,4,4,3,4,4,Mo phong bo sung
2531,2,2,2,2,2,3,3,3,3,3,3,2,4,3,3,3,5,5,4,5,4,4,Mo phong bo sung
2532,2,1,2,2,2,4,4,1,1,1,1,2,4,4,4,4,4,4,5,4,4,4,Mo phong bo sung
2533,2,1,2,2,2,1,1,3,3,3,3,4,3,4,4,4,4,4,4,4,4,4,Mo phong bo sung
2534,2,2,2,2,2,3,4,2,2,2,2,4,4,3,3,3,5,5,5,5,5,5,Mo phong bo sung
2535,2,2,1,2,2,5,5,1,1,3,2,4,3,4,4,5,5,4,5,3,4,4,Mo phong bo sung
2536,2,1,2,2,2,5,3,1,1,3,4,3,4,3,3,3,3,3,3,4,2,2,Mo phong bo sung
2537,2,2,2,2,2,5,5,2,1,3,1,2,2,3,4,4,4,4,4,4,4,4,Mo phong bo sung
2538,2,1,2,2,2,2,2,2,3,3,1,3,3,5,5,5,5,5,5,5,5,5,Mo phong bo sung
2539,2,2,2,2,2,3,3,2,2,2,3,4,3,3,4,5,5,5,5,5,3,3,Mo phong bo sung
2540,2,2,2,2,2,5,1,1,1,4,5,4,4,4,3,4,5,2,5,3,3,4,Mo phong bo sung
2541,2,1,2,2,2,5,4,1,2,3,2,5,4,3,5,3,4,4,4,4,5,3,Mo phong bo sung
2542,2,2,2,2,2,2,2,2,2,2,3,5,3,3,3,3,3,3,3,3,3,3,Mo phong bo sung
2543,2,2,1,2,2,4,4,1,1,4,3,3,3,2,3,3,5,4,5,4,4,4,Mo phong bo sung
2544,2,1,2,2,2,4,3,1,2,3,4,4,3,3,3,3,3,3,3,3,3,4,Mo phong bo sung
2545,2,2,1,2,2,5,5,2,2,1,2,5,4,5,5,5,5,5,4,4,4,4,Mo phong bo sung
2546,2,2,2,2,2,5,3,1,1,3,4,2,4,3,3,3,3,3,4,2,2,1,Mo phong bo sung
2547,2,2,2,2,2,5,4,1,1,3,2,1,4,4,5,5,5,4,5,4,4,4,Mo phong bo sung
2548,2,2,2,2,2,3,3,2,2,4,5,2,3,3,4,4,4,4,4,4,4,4,Mo phong bo sung
2549,2,1,2,2,2,3,2,1,2,1,3,4,5,3,4,4,4,4,4,4,4,4,Mo phong bo sung
2550,2,2,2,2,2,5,5,1,1,1,2,4,3,3,3,5,5,3,5,4,3,4,Mo phong bo sung
2551,2,2,1,2,2,3,3,3,3,2,3,2,3,2,5,5,5,5,5,5,5,5,Mo phong bo sung
2552,2,2,1,2,2,3,4,4,4,3,5,5,1,3,2,4,4,5,1,4,5,4,Mo phong bo sung
2553,2,2,2,2,2,2,2,3,4,3,4,2,4,3,3,3,5,2,5,4,4,3,Mo phong bo sung
2554,2,1,1,2,2,2,2,2,2,3,3,4,4,5,5,5,5,5,5,5,5,5,Mo phong bo sung
2555,2,2,2,2,2,5,5,2,2,2,2,2,4,4,4,5,5,4,5,4,4,4,Mo phong bo sung
2556,2,1,2,2,2,5,5,1,1,1,1,4,4,3,4,4,4,4,4,4,3,4,Mo phong bo sung
2557,2,1,1,2,2,3,4,2,2,3,2,1,3,3,5,5,5,4,5,5,5,3,Mo phong bo sung
2558,2,2,1,2,1,1,1,4,4,3,5,3,3,3,3,3,5,2,5,3,4,5,Mo phong bo sung
2559,2,2,2,2,2,3,4,3,3,3,5,3,4,3,4,5,4,5,5,5,5,4,Mo phong bo sung
2560,2,2,1,2,1,3,3,3,3,2,3,4,3,4,4,5,4,5,5,5,3,4,Mo phong bo sung
2561,2,2,2,2,2,2,4,1,2,3,5,5,3,3,2,2,5,2,4,3,3,4,Mo phong bo sung
2562,2,2,2,2,2,3,3,3,3,2,4,3,4,3,3,3,3,3,3,3,3,3,Mo phong bo sung
2563,2,1,2,2,2,3,3,2,3,3,3,5,3,3,4,3,4,5,5,5,5,5,Mo phong bo sung
2564,2,2,2,2,2,4,4,3,3,2,2,3,1,3,5,5,5,5,5,5,5,5,Mo phong bo sung
2565,2,2,1,1,2,3,3,3,3,1,3,3,3,3,4,5,5,5,5,4,4,3,Mo phong bo sung
2566,2,2,2,2,2,2,3,2,3,2,2,2,4,5,5,5,5,5,5,5,5,5,Mo phong bo sung
2567,2,2,2,2,2,5,5,1,2,3,3,1,4,4,5,4,5,4,5,4,4,5,Mo phong bo sung
2568,2,2,1,2,2,3,2,4,4,1,1,1,3,3,3,4,3,4,5,5,4,3,Mo phong bo sung
2569,2,2,2,2,2,3,2,3,3,1,3,5,3,3,3,3,5,3,4,4,4,4,Mo phong bo sung
2570,2,2,2,2,2,5,5,3,2,3,2,1,3,5,5,4,5,3,4,4,5,4,Mo phong bo sung
2571,2,1,2,2,2,6,6,4,4,5,4,4,4,4,4,4,5,4,5,5,5,5,Mo phong bo sung
2572,2,1,2,2,2,2,2,3,3,2,3,4,2,3,3,3,3,3,3,3,1,1,Mo phong bo sung
2573,2,2,2,2,2,2,2,2,3,3,3,3,3,3,3,3,3,3,3,3,3,3,Mo phong bo sung
2574,2,2,2,2,2,3,4,2,2,1,3,3,3,5,5,5,5,5,5,5,5,5,Mo phong bo sung
2575,2,1,2,2,2,5,5,1,1,3,3,1,3,4,5,5,5,5,5,5,3,3,Mo phong bo sung
2576,2,2,2,2,2,4,1,4,3,1,2,2,4,4,3,4,4,5,5,4,4,4,Mo phong bo sung
2577,2,1,2,2,2,5,5,1,1,3,4,4,4,5,5,5,5,5,5,5,5,5,Mo phong bo sung
2578,2,1,1,2,1,2,2,3,3,1,1,5,3,3,4,4,5,3,5,5,3,3,Mo phong bo sung
2579,2,1,1,2,2,1,5,5,5,3,3,3,3,5,5,5,5,5,5,5,5,5,Mo phong bo sung
2580,2,2,2,2,2,5,4,2,2,2,2,3,3,4,2,1,5,2,4,5,4,3,Mo phong bo sung
2581,2,1,2,2,2,6,6,4,4,5,4,4,3,5,5,5,5,5,5,5,5,3,Mo phong bo sung
2582,2,2,2,2,2,3,3,3,3,1,1,1,3,5,5,5,5,5,5,5,5,5,Mo phong bo sung
2583,2,2,2,2,2,5,5,2,2,1,2,3,3,5,5,5,5,5,5,5,5,5,Mo phong bo sung
2584,2,1,1,2,2,3,3,3,3,2,4,5,4,3,5,5,5,5,5,5,3,4,Mo phong bo sung
2585,2,1,2,2,2,3,3,3,3,3,2,3,3,5,4,4,4,4,4,4,3,3,Mo phong bo sung
2586,2,2,2,2,2,3,4,2,3,2,2,3,4,3,3,3,3,3,3,3,3,3,Mo phong bo sung
2587,2,1,1,2,2,3,3,2,2,3,2,3,3,1,2,2,2,5,5,5,2,5,Mo phong bo sung
2588,2,2,2,2,2,2,2,2,2,1,2,3,2,3,3,3,4,4,4,3,3,3,Mo phong bo sung
2589,2,1,2,2,2,5,4,1,2,2,2,5,3,3,3,4,5,3,4,4,3,4,Mo phong bo sung
2590,2,2,1,2,2,2,3,2,5,3,5,4,3,3,3,3,5,2,5,3,5,5,Mo phong bo sung
2591,2,2,2,2,2,3,3,2,2,3,3,3,3,2,4,5,5,4,4,4,4,5,Mo phong bo sung
2592,2,1,1,2,2,1,4,1,1,4,4,3,4,3,3,4,3,2,4,4,5,3,Mo phong bo sung
2593,2,2,2,2,2,5,5,2,2,2,3,4,4,4,4,5,5,4,5,4,4,4,Mo phong bo sung
2594,2,2,2,2,2,4,3,4,4,1,5,4,3,3,3,4,4,3,3,5,5,3,Mo phong bo sung
2595,2,1,2,2,2,4,4,1,1,1,1,2,3,3,3,4,4,5,5,3,3,3,Mo phong bo sung
2596,2,2,2,2,2,3,2,2,2,1,1,3,3,3,3,3,3,3,3,3,3,3,Mo phong bo sung
2597,2,2,2,2,2,3,3,3,3,2,1,4,3,3,3,3,4,4,4,4,4,4,Mo phong bo sung
2598,2,1,2,2,2,4,4,1,1,3,2,2,4,2,3,5,4,5,5,5,4,3,Mo phong bo sung
2599,2,1,1,2,2,4,4,1,1,2,2,4,3,5,5,5,5,4,4,4,4,4,Mo phong bo sung
2600,2,2,2,2,2,5,5,1,1,2,2,2,4,4,4,4,5,4,5,5,4,4,Mo phong bo sung
2601,2,1,1,2,1,1,2,3,4,2,3,1,4,3,3,1,5,2,5,5,4,3,Mo phong bo sung
2602,2,2,2,2,2,4,5,2,1,3,2,3,3,3,3,3,4,4,4,4,4,4,Mo phong bo sung
2603,2,2,2,2,2,3,2,2,2,1,2,4,3,3,2,5,5,4,5,4,5,4,Mo phong bo sung
2604,2,1,2,2,2,5,5,1,1,1,1,4,4,3,4,4,4,4,4,4,3,4,Mo phong bo sung
2605,2,2,1,1,2,5,3,1,3,2,2,4,3,3,3,4,4,4,5,4,4,3,Mo phong bo sung
2606,2,1,1,2,2,5,5,3,3,2,2,1,3,4,5,5,5,4,5,3,5,5,Mo phong bo sung
2607,2,2,1,2,2,4,5,3,3,4,3,3,3,3,3,3,5,5,5,4,3,3,Mo phong bo sung
2608,2,1,1,2,2,2,2,2,3,1,1,3,3,1,1,1,1,1,1,1,3,3,Mo phong bo sung
2609,2,2,2,2,2,4,2,3,2,1,5,1,3,2,3,2,2,5,4,5,4,4,Mo phong bo sung
2610,2,2,1,2,2,1,3,4,2,1,5,4,2,3,3,5,3,3,4,5,5,5,Mo phong bo sung
2611,2,2,2,2,2,3,3,3,3,5,3,2,3,4,4,4,4,3,3,5,3,3,Mo phong bo sung
2612,2,1,2,2,2,6,6,4,4,1,2,3,4,3,3,3,3,3,3,3,3,3,Mo phong bo sung
2613,2,2,1,2,2,6,6,4,4,3,3,3,2,3,3,5,5,5,5,5,3,3,Mo phong bo sung
2614,2,1,2,2,2,3,3,3,3,2,1,4,3,3,3,5,5,5,5,5,5,4,Mo phong bo sung
2615,2,1,1,2,1,3,3,4,4,1,2,5,3,3,3,5,3,4,4,4,3,3,Mo phong bo sung
2616,2,2,1,1,2,4,4,4,4,2,2,4,3,3,3,4,5,5,5,5,5,5,Mo phong bo sung
2617,2,2,2,2,2,4,3,1,2,3,4,2,3,3,3,3,3,3,3,3,3,4,Mo phong bo sung
2618,2,2,1,2,2,5,4,4,3,2,3,2,4,3,3,4,4,4,5,4,4,4,Mo phong bo sung
2619,2,1,1,2,2,4,4,3,3,2,3,3,3,3,3,3,4,5,5,5,4,4,Mo phong bo sung
2620,2,2,2,2,2,5,5,1,1,3,2,3,5,5,5,5,5,5,5,5,5,5,Mo phong bo sung
2621,2,2,2,2,2,4,4,1,1,1,1,4,5,4,4,4,5,5,5,5,3,4,Mo phong bo sung
2622,2,1,2,2,2,5,5,1,1,2,3,3,4,5,5,5,5,5,5,5,5,5,Mo phong bo sung
2623,2,2,2,2,2,4,4,2,1,2,2,3,4,5,5,5,5,5,5,5,5,5,Mo phong bo sung
2624,2,2,2,2,2,5,5,3,3,2,3,4,4,5,4,4,5,5,5,5,5,4,Mo phong bo sung
2625,2,2,2,2,2,3,5,3,1,1,3,3,4,5,4,4,4,3,4,4,3,3,Mo phong bo sung
2626,2,2,1,2,2,5,5,4,2,4,3,5,4,3,3,3,4,1,2,5,4,4,Mo phong bo sung
2627,2,2,1,2,2,6,6,4,4,1,2,4,4,5,4,4,5,4,4,5,5,3,Mo phong bo sung
2628,2,2,2,2,2,5,4,2,2,2,3,4,1,5,5,5,5,5,5,5,5,5,Mo phong bo sung
2629,2,2,1,2,1,6,2,4,3,2,2,5,3,3,4,5,3,5,4,4,5,4,Mo phong bo sung
2630,2,2,2,2,2,5,5,1,1,3,3,4,4,3,3,4,4,3,3,4,3,4,Mo phong bo sung
2631,2,1,1,2,2,5,4,4,4,5,5,4,3,4,3,4,5,5,4,4,4,4,Mo phong bo sung
2632,2,1,2,2,2,1,1,3,3,4,2,4,3,4,4,4,4,4,4,4,4,4,Mo phong bo sung
2633,2,1,1,2,2,5,5,2,3,2,3,4,3,4,3,4,3,4,4,5,4,4,Mo phong bo sung
2634,2,2,2,2,2,6,6,4,4,2,1,5,3,3,4,5,5,5,5,5,4,5,Mo phong bo sung
2635,2,2,2,2,2,3,5,3,1,1,3,3,4,4,4,4,4,4,4,4,3,4,Mo phong bo sung
2636,2,1,2,2,2,5,3,3,2,2,2,3,4,4,4,5,5,5,5,5,3,3,Mo phong bo sung
2637,2,1,2,2,2,3,4,1,4,1,5,1,3,3,5,4,5,4,4,4,5,3,Mo phong bo sung
2638,2,1,2,2,2,3,5,2,1,2,2,5,3,3,4,4,5,3,4,3,4,4,Mo phong bo sung
2639,2,2,2,2,2,5,3,3,3,1,3,1,3,3,3,3,3,3,3,3,3,3,Mo phong bo sung
2640,2,2,1,1,2,3,3,2,2,3,3,5,3,3,3,5,5,5,5,5,5,3,Mo phong bo sung
2641,2,2,1,1,2,2,2,3,3,2,3,3,4,5,3,3,5,3,5,1,4,3,Mo phong bo sung
2642,2,1,1,1,2,1,1,4,4,1,4,5,3,3,4,4,4,4,4,4,4,5,Mo phong bo sung
2643,2,2,2,2,2,3,3,2,2,3,3,2,3,3,3,5,5,4,4,5,5,5,Mo phong bo sung
2644,2,2,1,2,2,3,3,2,2,2,2,2,3,4,4,4,4,4,4,4,4,4,Mo phong bo sung
2645,2,1,2,2,2,2,2,2,3,3,3,4,2,1,3,3,3,3,3,3,3,3,Mo phong bo sung
2646,2,1,1,2,2,3,3,2,2,4,5,3,3,4,3,3,4,4,4,4,4,4,Mo phong bo sung
2647,2,1,1,1,2,3,3,1,2,2,3,3,3,4,4,5,5,4,5,5,3,4,Mo phong bo sung
2648,2,1,2,2,2,2,2,2,3,3,1,2,3,5,5,5,5,5,5,5,5,5,Mo phong bo sung
2649,2,2,1,2,2,2,1,2,3,2,2,2,2,3,3,4,4,5,4,4,4,4,Mo phong bo sung
2650,2,2,2,2,2,3,2,1,2,3,5,5,3,3,3,5,5,5,4,5,2,4,Mo phong bo sung
2651,2,2,1,1,2,5,5,1,1,2,5,3,4,4,4,4,5,5,4,5,3,5,Mo phong bo sung
2652,2,2,1,1,2,3,3,3,3,3,3,4,3,4,3,5,4,4,3,3,3,3,Mo phong bo sung
2653,2,1,2,2,2,3,4,2,2,2,2,3,4,3,3,3,5,5,5,5,5,5,Mo phong bo sung
2654,2,1,2,2,2,5,5,1,2,2,3,3,4,5,4,4,5,5,5,5,5,4,Mo phong bo sung
2655,2,2,2,2,2,5,3,1,1,3,4,5,3,3,3,3,3,3,3,4,2,2,Mo phong bo sung
2656,2,1,2,2,2,3,4,2,2,2,5,5,3,2,3,3,5,3,5,5,4,3,Mo phong bo sung
2657,2,2,2,2,2,3,3,3,3,3,4,3,4,3,3,3,3,3,3,3,3,3,Mo phong bo sung
2658,2,2,1,2,2,5,3,4,3,2,2,4,3,5,5,5,5,5,5,5,5,5,Mo phong bo sung
2659,2,1,1,1,2,2,2,3,3,2,3,1,4,5,3,3,5,3,5,1,4,3,Mo phong bo sung
2660,2,1,2,2,2,6,6,4,4,3,3,3,3,3,3,3,3,3,3,3,3,3,Mo phong bo sung
2661,2,1,1,1,2,3,5,1,1,3,2,3,4,3,3,4,3,5,5,5,3,3,Mo phong bo sung
2662,2,1,1,2,1,3,3,3,3,2,5,3,3,4,3,4,4,5,5,4,4,4,Mo phong bo sung
2663,2,2,1,2,2,5,5,1,4,1,2,3,4,3,5,5,5,5,5,5,4,5,Mo phong bo sung
2664,2,1,2,2,2,3,5,3,1,1,3,4,4,5,4,4,4,3,4,4,3,3,Mo phong bo sung
2665,2,2,2,2,2,2,2,2,3,2,1,2,3,3,3,4,3,3,3,3,3,3,Mo phong bo sung
2666,2,2,1,2,2,4,4,3,3,2,2,5,3,2,3,4,4,4,4,4,4,4,Mo phong bo sung
2667,2,2,1,2,2,3,3,3,3,2,5,2,4,2,2,2,2,2,2,2,2,2,Mo phong bo sung
2668,2,2,2,2,2,5,4,3,2,2,5,4,3,5,5,5,5,5,5,5,5,5,Mo phong bo sung
2669,2,2,1,2,2,3,3,3,3,2,2,3,3,3,3,3,4,4,5,5,3,3,Mo phong bo sung
2670,2,1,1,2,2,5,5,4,4,4,3,4,4,5,5,5,5,5,5,5,5,5,Mo phong bo sung
2671,2,2,2,2,2,2,2,3,3,3,3,3,3,1,2,2,2,5,3,5,3,4,Mo phong bo sung
2672,2,2,2,2,2,5,4,3,3,1,2,3,3,3,4,4,4,5,5,4,4,4,Mo phong bo sung
2673,2,2,2,2,2,4,4,3,3,4,4,4,4,4,4,4,4,4,4,4,4,4,Mo phong bo sung
2674,2,1,1,1,2,2,2,3,3,1,5,5,3,4,3,5,4,4,4,4,5,4,Mo phong bo sung
2675,2,2,2,2,2,5,5,4,4,4,4,4,3,4,3,5,4,4,5,5,3,3,Mo phong bo sung
2676,2,2,2,2,2,2,2,3,3,2,2,1,3,3,3,3,3,3,3,3,3,3,Mo phong bo sung
2677,2,1,2,2,2,2,2,2,3,2,1,1,3,3,3,4,3,3,3,3,3,3,Mo phong bo sung
2678,2,1,2,2,2,6,2,4,3,1,1,2,3,5,5,5,5,5,5,5,3,4,Mo phong bo sung
2679,2,1,1,2,2,5,5,2,1,1,1,3,3,4,5,5,5,5,5,4,4,5,Mo phong bo sung
2680,2,2,2,2,2,5,5,1,1,2,3,2,4,5,5,5,5,5,5,5,4,4,Mo phong bo sung
2681,2,1,2,2,2,5,5,2,1,1,5,5,4,3,5,5,5,5,5,5,5,5,Mo phong bo sung
2682,2,2,1,1,2,2,2,3,3,1,3,2,3,4,3,5,3,4,4,4,2,4,Mo phong bo sung
2683,2,2,2,2,2,5,5,1,1,1,2,3,3,3,3,5,5,3,5,4,5,4,Mo phong bo sung
2684,2,2,2,2,2,3,3,2,2,3,2,2,4,4,3,4,4,5,5,5,5,4,Mo phong bo sung
2685,2,2,1,1,2,2,2,3,3,1,3,3,3,4,3,5,3,4,4,4,2,4,Mo phong bo sung
2686,2,2,2,2,2,3,3,3,3,2,1,3,4,5,5,5,5,5,5,5,5,5,Mo phong bo sung
2687,2,2,2,2,2,5,5,2,2,2,2,3,4,4,4,5,5,4,5,4,4,4,Mo phong bo sung
2688,2,1,2,2,2,3,3,3,3,2,2,1,3,4,4,4,4,4,4,4,4,4,Mo phong bo sung
2689,2,1,1,2,2,5,5,1,1,4,2,4,3,3,3,3,3,3,3,3,3,3,Mo phong bo sung
2690,2,1,1,1,2,3,3,3,3,3,3,5,3,4,3,5,4,4,3,3,3,3,Mo phong bo sung
2691,2,2,1,2,2,5,5,2,1,1,2,2,4,4,5,5,5,5,5,4,5,5,Mo phong bo sung
2692,2,2,2,2,2,4,4,1,2,2,4,2,5,3,3,3,3,4,4,4,3,3,Mo phong bo sung
2693,2,2,2,2,2,3,4,2,1,2,1,4,4,5,5,5,5,5,5,5,5,5,Mo phong bo sung
2694,2,2,2,2,2,2,3,3,3,4,3,3,3,5,5,5,5,5,5,4,4,4,Mo phong bo sung
2695,2,2,2,2,2,5,4,4,4,4,3,1,3,4,4,4,3,5,5,5,5,3,Mo phong bo sung
2696,2,2,2,2,2,6,6,4,4,2,5,1,4,3,3,3,4,5,5,4,3,3,Mo phong bo sung
2697,2,1,1,2,2,3,4,3,3,3,2,5,5,2,3,2,4,3,2,5,4,2,Mo phong bo sung
2698,2,2,2,2,2,2,2,2,3,2,5,4,2,3,3,3,5,3,5,5,5,4,Mo phong bo sung
2699,2,2,1,2,2,5,5,1,2,2,3,3,4,3,3,3,3,3,3,3,3,3,Mo phong bo sung
2700,2,1,2,2,2,5,5,4,1,2,2,2,5,5,4,4,5,5,5,4,4,4,Mo phong bo sung
2701,2,1,2,2,2,5,4,1,1,1,2,5,3,4,4,4,5,4,5,4,4,4,Mo phong bo sung
2702,2,1,2,2,2,4,5,2,3,3,5,3,2,3,3,3,4,5,5,4,4,4,Mo phong bo sung
2703,2,2,2,2,2,3,5,3,1,1,3,3,3,5,4,4,4,3,4,4,3,4,Mo phong bo sung
2704,2,2,2,2,2,3,3,3,3,5,5,4,3,3,3,3,3,3,3,3,3,3,Mo phong bo sung
2705,2,1,1,2,2,5,4,3,2,2,3,4,5,4,4,4,4,4,4,4,4,3,Mo phong bo sung
2706,2,2,2,2,2,6,6,4,4,5,2,1,3,3,3,3,3,3,3,3,3,3,Mo phong bo sung
2707,2,2,2,2,2,5,5,3,2,3,2,3,3,5,5,4,5,3,4,4,5,4,Mo phong bo sung
2708,2,2,2,2,2,5,5,1,1,2,2,3,3,5,5,5,5,5,5,5,5,5,Mo phong bo sung
2709,2,2,2,2,2,5,4,1,1,2,2,5,4,4,4,5,5,5,5,4,4,4,Mo phong bo sung
2710,2,2,2,2,2,4,4,2,2,1,3,3,3,4,3,3,3,3,3,3,3,3,Mo phong bo sung
2711,2,1,1,2,2,3,4,2,4,4,5,3,2,2,3,5,5,2,4,4,5,5,Mo phong bo sung
2712,2,1,2,2,2,3,3,2,2,2,2,4,3,3,3,5,4,5,5,5,3,3,Mo phong bo sung
2713,2,2,2,2,2,3,3,3,3,2,3,5,3,3,3,3,3,3,3,3,2,2,Mo phong bo sung
2714,2,2,2,2,2,2,4,3,1,1,2,4,3,4,5,4,5,5,5,5,4,4,Mo phong bo sung
2715,2,2,2,2,2,2,3,1,1,1,2,3,3,4,4,4,4,4,4,4,4,4,Mo phong bo sung
2716,2,2,2,2,2,6,6,4,4,3,4,2,3,3,3,3,3,3,3,3,5,3,Mo phong bo sung
2717,2,2,2,2,2,2,2,2,2,2,2,2,3,4,4,4,4,4,4,4,4,4,Mo phong bo sung
2718,2,1,2,2,2,4,4,4,4,2,1,4,3,4,3,3,3,3,3,3,3,3,Mo phong bo sung
2719,2,2,2,2,2,3,3,3,3,2,1,2,4,3,3,4,4,4,4,4,4,4,Mo phong bo sung
2720,2,2,1,1,2,3,3,3,3,2,2,5,3,3,2,4,4,4,4,3,4,3,Mo phong bo sung
2721,2,2,1,1,2,3,3,3,3,1,3,5,3,3,3,4,3,5,5,4,4,3,Mo phong bo sung
2722,2,2,2,2,2,1,2,2,3,2,1,4,3,4,3,5,5,5,5,5,5,5,Mo phong bo sung
2723,2,1,2,2,2,3,3,3,3,2,1,3,4,4,4,4,4,4,4,4,4,4,Mo phong bo sung
2724,2,2,2,2,2,5,3,3,1,2,3,5,2,4,4,4,4,4,4,4,4,4,Mo phong bo sung
2725,2,1,1,2,2,3,2,4,4,1,2,4,3,5,5,5,5,5,5,5,5,5,Mo phong bo sung
2726,2,1,2,2,2,3,2,2,3,2,3,4,3,2,2,2,2,2,3,4,4,2,Mo phong bo sung
2727,2,1,2,2,2,3,4,4,1,3,2,2,2,2,3,4,4,1,5,4,4,4,Mo phong bo sung
2728,2,1,2,2,2,5,4,1,1,2,3,4,4,3,4,4,5,3,5,4,5,4,Mo phong bo sung
2729,2,1,2,2,2,5,5,4,4,2,2,4,3,4,2,4,4,1,5,2,3,2,Mo phong bo sung
2730,2,1,2,2,2,4,4,4,3,4,4,2,4,4,4,4,4,4,4,4,4,4,Mo phong bo sung
2731,2,1,2,2,2,5,5,1,2,5,5,2,4,5,5,5,5,5,5,5,5,5,Mo phong bo sung
2732,2,2,2,2,2,4,3,1,3,1,2,3,4,3,4,3,3,2,3,4,3,4,Mo phong bo sung
2733,2,2,2,2,2,2,3,1,2,1,2,4,3,5,5,5,5,5,5,5,5,5,Mo phong bo sung
2734,2,1,2,2,2,3,3,3,3,5,3,1,3,3,3,3,3,3,3,3,3,3,Mo phong bo sung
2735,2,2,2,2,2,5,5,4,4,1,3,4,5,3,3,5,5,4,5,5,4,3,Mo phong bo sung
2736,2,2,2,2,2,5,5,1,1,1,2,3,4,5,4,4,5,5,5,5,4,4,Mo phong bo sung
2737,2,2,2,2,2,3,3,1,1,2,2,4,3,1,2,5,5,5,4,5,2,2,Mo phong bo sung
2738,2,2,2,2,2,4,4,2,2,2,3,2,3,3,3,3,3,3,3,3,3,3,Mo phong bo sung
2739,2,2,2,2,2,5,5,1,1,1,5,5,5,5,5,5,5,5,5,5,5,5,Mo phong bo sung
2740,2,1,2,2,2,5,5,2,2,2,2,2,3,5,5,5,5,5,5,5,5,5,Mo phong bo sung
2741,2,2,1,2,2,5,4,2,4,2,2,4,3,4,3,4,4,3,5,5,5,4,Mo phong bo sung
2742,2,1,1,2,2,2,1,2,1,5,5,1,3,3,3,4,4,4,5,4,5,4,Mo phong bo sung
2743,2,2,2,2,2,5,4,1,1,1,1,4,3,4,4,5,5,5,5,4,4,4,Mo phong bo sung
2744,2,1,1,1,2,2,1,3,3,1,4,3,3,3,4,4,4,5,4,3,4,5,Mo phong bo sung
2745,2,2,2,2,2,6,6,4,4,4,2,3,4,3,3,3,3,3,3,3,3,3,Mo phong bo sung
2746,2,2,1,1,2,1,1,4,4,1,4,5,3,3,4,4,4,4,4,4,4,5,Mo phong bo sung
2747,2,1,2,2,2,4,3,4,4,1,5,3,3,3,3,4,4,3,3,5,5,3,Mo phong bo sung
2748,2,1,1,2,2,4,5,3,3,2,2,3,4,5,5,5,5,5,5,5,5,5,Mo phong bo sung
2749,2,2,2,2,2,3,3,3,3,5,4,4,3,3,3,3,3,3,3,3,4,3,Mo phong bo sung
2750,2,1,2,2,2,3,3,3,3,5,4,1,3,3,3,3,3,3,3,3,4,3,Mo phong bo sung
2751,2,2,2,2,2,4,4,2,2,3,2,4,4,3,3,4,4,3,4,5,5,3,Mo phong bo sung
2752,2,2,1,2,2,3,3,3,3,3,2,5,3,3,5,5,5,5,5,5,5,5,Mo phong bo sung
2753,2,1,1,2,2,1,1,1,1,1,1,3,4,3,3,4,3,5,5,4,4,5,Mo phong bo sung
2754,2,1,2,2,2,5,5,1,1,2,2,4,3,5,5,5,5,5,5,5,5,5,Mo phong bo sung
2755,2,1,1,2,2,4,2,2,2,2,5,2,3,1,1,1,5,1,3,3,5,5,Mo phong bo sung
2756,2,2,2,2,2,5,3,3,3,2,2,3,2,4,4,4,4,4,4,4,4,4,Mo phong bo sung
2757,2,1,1,2,2,2,6,2,4,2,2,2,3,4,3,5,4,5,5,5,4,5,Mo phong bo sung
2758,2,1,2,2,2,2,2,3,4,1,1,2,4,5,5,5,5,5,5,5,5,5,Mo phong bo sung
2759,2,2,2,2,2,5,5,3,3,5,2,4,3,3,3,4,4,4,4,4,4,4,Mo phong bo sung
2760,2,2,1,1,2,2,2,3,3,2,2,1,3,3,3,3,5,4,4,4,5,4,Mo phong bo sung
2761,2,1,1,2,2,5,5,5,2,5,3,5,4,5,5,5,5,5,5,5,5,5,Mo phong bo sung
2762,2,2,2,2,2,6,5,1,4,2,2,4,3,4,4,5,5,5,4,5,4,5,Mo phong bo sung
2763,2,2,1,2,2,5,5,1,2,3,5,2,4,3,4,5,4,5,4,4,5,3,Mo phong bo sung
2764,2,2,2,2,2,5,5,2,3,3,3,4,5,5,5,5,5,5,5,5,5,5,Mo phong bo sung
2765,2,2,2,2,2,5,4,1,1,2,2,1,4,4,4,5,5,5,5,4,4,4,Mo phong bo sung
2766,2,1,2,2,2,5,5,2,2,1,3,4,3,3,4,4,4,4,4,4,4,4,Mo phong bo sung
2767,2,1,1,2,2,6,6,1,1,1,4,4,4,3,4,4,4,5,4,5,4,3,Mo phong bo sung
2768,2,1,2,2,2,3,3,3,3,3,2,4,3,4,4,4,4,4,4,4,4,4,Mo phong bo sung
2769,2,1,1,2,2,1,1,1,1,2,2,2,4,4,4,4,4,5,5,4,5,3,Mo phong bo sung
2770,2,1,1,2,2,3,5,2,1,1,3,2,3,4,3,3,4,4,4,3,3,3,Mo phong bo sung
